id,status,origin,area,concept_id,daily_id,type,difficulty,question,option1,option2,option3,option4,answer,step1_core,step2_detail,step3_trap,option_reason1,option_reason2,option_reason3,option_reason4,source_refs,memory_hook,legacy_daily_id,active_daily_id,learning_pool,fact_id
QRC1-001,CONTENT_QA_PASS_RC1,GOLD_RC1,건전성·경영실태평가,PRU-01,D38,분류형,2,감독기준상 자산건전성의 기본 5단계 분류 순서로 옳은 것은?,정상 → 요주의 → 고정 → 회수의문 → 추정손실,정상 → 주의 → 고정 → 부실 → 추정손실,정상 → 고정 → 요주의 → 회수의문 → 추정손실,정상 → 요주의 → 회수의문 → 고정 → 추정손실,1,기본 분류는 정상·요주의·고정·회수의문·추정손실의 5단계입니다.,"감독기준 제13조는 보유자산의 건전성을 이 5단계로 나누도록 합니다. 이후 연체기간, 회수예상가액, 담보·보증 등 조건에 따라 각 단계가 결정됩니다.","“요주의”와 “고정”, “고정”과 “회수의문”의 순서를 바꾸는 선택지가 대표적인 함정입니다.",정답: 감독기준의 공식 5단계 순서입니다.,"오답: “주의”, “부실”은 해당 5단계의 공식 명칭이 아닙니다.",오답: 고정은 요주의보다 악화된 단계입니다.,오답: 회수의문은 고정보다 악화된 단계입니다.,새마을금고 감독기준 제13조 (자산건전성 분류기준),정-요-고-회-추,D38,D03,FOCUS,
QRC1-002,RELEASE_READY_V09,SOURCE_REDESIGN_V09,건전성·경영실태평가,PRU-01,D38,주기형,2,자산건전성 분류의 기본 주기는?,사업연도 말,매 분기 말,반기 말,매월 말,2,정답: 매 분기 말,"새마을금고 감독기준 제13조 (자산건전성 분류기준) 기준: 자산건전성 분류는 원칙적으로 매 분기 말 기준이며, 유가증권 평가는 매월 1회 정기적으로 실시합니다.",조문 번호보다 숫자·기간·비율·공식 주체·핵심용어를 구분하세요.,오답: 공식자료의 기준은 「매 분기 말」입니다.,"정답: 자산건전성 분류는 원칙적으로 매 분기 말 기준이며, 유가증권 평가는 매월 1회 정기적으로 실시합니다.",오답: 공식자료의 기준은 「매 분기 말」입니다.,오답: 공식자료의 기준은 「매 분기 말」입니다.,새마을금고 감독기준 제13조 (자산건전성 분류기준),매 분기 말,D38,D03,QUICK,
QRC1-003,RELEASE_READY_V09,SOURCE_REDESIGN_V09,건전성·경영실태평가,PRU-01,D38,예외형,2,유가증권 자산건전성 분류에서 사용하지 않는 단계는?,정상,요주의,고정,회수의문,3,정답: 고정,새마을금고 감독기준 제13조 (자산건전성 분류기준) 기준: 유가증권의 자산건전성 분류에서는 고정 단계를 사용하지 않습니다.,조문 번호보다 숫자·기간·비율·공식 주체·핵심용어를 구분하세요.,오답: 공식자료의 기준은 「고정」입니다.,오답: 공식자료의 기준은 「고정」입니다.,정답: 유가증권의 자산건전성 분류에서는 고정 단계를 사용하지 않습니다.,오답: 공식자료의 기준은 「고정」입니다.,새마을금고 감독기준 제13조 (자산건전성 분류기준),고정,D38,D03,FOCUS,
QRC1-004,CONTENT_QA_PASS_RC1,GOLD_RC1,건전성·경영실태평가,PRU-01,D38,예외형,3,여신성가지급금을 제외한 일반 가지급금의 자산건전성 분류에서 제외되는 단계는?,정상·요주의,회수의문·추정손실,정상·추정손실,요주의·고정,4,일반 가지급금은 “요주의”와 “고정” 분류를 제외합니다.,감독기준 제13조는 유가증권과 가지급금에 대해 각각 다른 분류 예외를 둡니다. 여신성가지급금을 제외한 가지급금은 요주의와 고정을 사용하지 않습니다.,유가증권의 예외(고정 제외)와 가지급금의 예외(요주의·고정 제외)를 서로 바꾸어 출제하기 쉽습니다.,오답입니다.,오답입니다.,오답입니다.,정답입니다.,새마을금고 감독기준 제13조 (자산건전성 분류기준),유가=고정X / 일반가지급=요주의·고정X,D38,D03,FOCUS,
QRC1-005,CONTENT_QA_PASS_RC1,GOLD_RC1,건전성·경영실태평가,PRU-01,D38,기간형,2,상환능력이 충분한 채무자의 20일 연체 대출 기본 분류는?,정상,회수의문,고정,요주의,1,1개월 미만 연체이면서 채무상환능력이 충분하면 정상 분류 예시에 해당합니다.,"별표 2는 금융거래 내용과 신용상태가 양호하고, 1개월 미만 연체가 있더라도 상환능력이 충분한 채무자의 총대출금을 정상으로 봅니다.",“연체가 하루라도 있으면 요주의”라고 단정하면 안 됩니다. 1개월 미만이라는 경계와 상환능력을 함께 봅니다.,정답입니다.,오답: 회수의문은 더 악화된 상태입니다.,오답: 고정은 더 악화된 상태입니다.,오답: 기본 예시상 1개월 이상 3개월 미만이 요주의 구간입니다.,감독기준 [별표 2] 자산건전성 분류기준,1개월 미만 + 상환능력 충분 = 정상,D38,D03,QUICK,
QRC1-006,CONTENT_QA_PASS_RC1,GOLD_RC1,건전성·경영실태평가,PRU-01,D38,기간형,2,회수가 확실시되는 일반 대출이 2개월 연체된 경우 별표 2의 기본 예시에 따른 분류는?,추정손실,요주의,정상,고정,2,1개월 이상 3개월 미만 연체는 요주의의 대표 예시입니다.,별표 2는 1개월 이상 3개월 미만 연체대출을 보유하되 회수가 확실시되는 채무자의 총대출금을 요주의 예시로 둡니다.,3개월 경계를 넘기기 전과 후를 구별해야 합니다.,오답입니다.,정답입니다.,오답: 1개월 이상입니다.,오답: 고정은 일반적으로 3개월 이상 연체와 회수예상가액 해당 금액이 핵심입니다.,감독기준 [별표 2] 자산건전성 분류기준,1~3개월 미만 = 요주의,D38,D03,FOCUS,
QRC1-007,CONTENT_QA_PASS_RC1,GOLD_RC1,건전성·경영실태평가,PRU-01,D38,사례형,3,3개월 이상 연체된 채무자의 총대출금 중 담보 회수예상가액에 해당하는 부분의 기본 분류는?,정상,회수의문,고정,요주의,3,3개월 이상 연체된 총대출금 중 회수예상가액 해당 금액은 “고정”의 대표 예시입니다.,고정은 신용상태가 불량하여 구체적인 회수조치가 필요하지만 담보 등으로 회수예상가액이 존재하는 부분을 중심으로 이해하면 좋습니다.,같은 3개월 이상 연체라도 회수예상가액 “해당 부분”과 “초과 부분”을 나누어 묻는 문제가 나올 수 있습니다.,오답입니다.,오답: 회수의문은 회수예상가액을 초과하는 부분 등 더 악화된 경우와 연결됩니다.,정답입니다.,오답입니다.,감독기준 [별표 2] 자산건전성 분류기준,3개월+ / 회수예상가액 안 = 고정,D38,D03,FOCUS,
QRC1-008,CONTENT_QA_PASS_RC1,GOLD_RC1,건전성·경영실태평가,PRU-02,D39,연체기산형,2,감독기준상 연체대출금의 자산건전성 분류는 어떤 시점을 기준으로 하는가?,결산일 직전 영업일,최근 이자납입일,담보평가일,최초의 연체기산일,4,연체대출금은 최초의 연체기산일을 기준으로 분류합니다.,여러 차례 연체가 누적되더라도 분류의 출발점은 최초 연체기산일입니다. 연체기간 계산 문제에서는 이 기준이 핵심입니다.,최근 납입일이나 담보평가일을 연체기산일과 혼동하지 않아야 합니다.,오답입니다.,오답입니다.,오답: 담보평가일은 회수예상가액과 관련될 수 있으나 연체기산 기준은 아닙니다.,정답입니다.,새마을금고 감독기준 제14조 (연체대출금),연체는 “최초”부터,D39,D03,FOCUS,
QRC1-009,CONTENT_QA_PASS_RC1,GOLD_RC1,건전성·경영실태평가,PRU-02,D39,예외형,3,최종담보평가액을 회수예상가액으로 볼 수 없는 경우는?,담보의 최종감정일이 5년 이내이면 언제나 가능한 경우,담보의 최종감정일이 2년 이내인 일정 담보의 경우,3개월 이내에 법적절차 착수예정인 경우,고정이하 분류사유 발생일이 3개월 이내인 경우,1,최종감정일 5년 이내라는 일반 예외는 없습니다.,"감독기준 제15조는 3개월 이내 사유·법적절차 예정, 일정 담보의 2년 이내 평가, 담보비율 150% 이상 등 구체적인 예외를 둡니다.",숫자 3개월·2년·150%가 서로 바뀌기 쉬운 함정입니다.,정답: 5년 일반기준은 규정되어 있지 않습니다.,해당합니다.,해당합니다.,해당합니다.,새마을금고 감독기준 제15조 (회수예상가액 산정),3개월 / 2년 / 150%,D39,D03,FOCUS,
QRC1-010,RELEASE_READY_V09,SOURCE_REDESIGN_V09,건전성·경영실태평가,PRU-01,D38,사후관리형,2,고정이하 분류자산의 사후조치로 맞는 것은?,회원에게 양도,결산 때만 확인,명세표 작성·비치 + 조기 정상화,즉시 전액 상각,3,정답: 명세표 작성·비치 + 조기 정상화,새마을금고 감독기준 제16조 (자산의 사후관리) 기준: 고정이하 분류자산은 별표 7 명세표를 작성·비치하고 조기 정상화 방안을 강구합니다.,조문 번호보다 숫자·기간·비율·공식 주체·핵심용어를 구분하세요.,오답: 공식자료의 기준은 「명세표 작성·비치 + 조기 정상화」입니다.,오답: 공식자료의 기준은 「명세표 작성·비치 + 조기 정상화」입니다.,정답: 고정이하 분류자산은 별표 7 명세표를 작성·비치하고 조기 정상화 방안을 강구합니다.,오답: 공식자료의 기준은 「명세표 작성·비치 + 조기 정상화」입니다.,새마을금고 감독기준 제16조 (자산의 사후관리),명세표 작성·비치 + 조기 정상화,D38,D03,FOCUS,
QRC1-011,CONTENT_QA_PASS_RC1,GOLD_RC1,건전성·경영실태평가,PRU-04,D41,숫자형,2,금고가 유지해야 하는 총자산대비순자본비율의 최소 기준은?,0% 이상,4% 이상,8% 이상,2% 이상,2,총자산대비순자본비율은 4% 이상이 기본 기준입니다.,이 비율은 부실우려금고 지정 등 다른 감독조치와도 연결되므로 단순 숫자 암기보다 의미를 함께 기억해야 합니다.,상근임원기준의 “0% 이상”과 경영건전성 비율의 “4% 이상”을 혼동하기 쉽습니다.,오답: 0%는 상근임원기준과 연결되는 숫자입니다.,정답입니다.,오답입니다.,오답입니다.,새마을금고 감독기준 제20조 (경영건전성 비율),건전성 4 / 상근임원 0,D41,D03,QUICK,
QRC1-012,CONTENT_QA_PASS_RC1,GOLD_RC1,건전성·경영실태평가,PRU-04,D41,비율형,2,일반적인 대손충당금비율 유지기준은?,100% 이상,80% 이상,130% 이상,90% 이상,1,일반적인 대손충당금비율 기준은 100% 이상입니다.,다만 건설업 또는 부동산업 대출 중 일정 건전성 분류에 대해서는 강화된 130% 기준이 적용될 수 있으므로 예외를 함께 구별해야 합니다.,100%와 130%를 무조건 하나로 외우면 안 됩니다. 문제에서 업종과 건전성 분류 조건을 확인해야 합니다.,정답입니다.,오답입니다.,오답: 130%는 일정 건설업·부동산업 대출에 대한 강화기준입니다.,오답입니다.,새마을금고 감독기준 제20조 (경영건전성 비율),기본 100 / 특정업종 130,D41,D03,QUICK,
QRC1-013,CONTENT_QA_PASS_RC1,GOLD_RC1,건전성·경영실태평가,PRU-04,D41,경계값형,3,직전 사업연도 말 자산총액이 700억원인 금고의 유동성비율 최소 기준은?,100% 이상,120% 이상,80% 이상,90% 이상,4,"자산총액 300억원 이상 1,000억원 미만 금고는 유동성비율 90% 이상입니다.","일반 기준은 100%지만 자산규모에 따라 완화기준이 있습니다. 300억원 미만은 80%, 300억원 이상 1,000억원 미만은 90%입니다.","300억원과 1,000억원의 경계 구간을 정확히 읽어야 합니다.",오답: 일반 기준입니다.,오답입니다.,오답: 300억원 미만 금고 기준입니다.,정답입니다.,새마을금고 감독기준 제20조 (경영건전성 비율),<300=80 / 300~1000=90 / 그 외=100,D41,D03,FOCUS,
QRC1-014,CONTENT_QA_PASS_RC1,GOLD_RC1,건전성·경영실태평가,PRU-04,D41,비율형,3,직전 반기 말 주택담보대출 분할상환비율이 25%인 금고의 예대율 최고한도는?,110%,80%,90%,100%,3,분할상환비율 20% 이상 30% 미만이면 예대율 최고한도는 90%입니다.,예대율 한도는 주택담보대출 분할상환비율이 높아질수록 80% → 90% → 100%로 높아집니다.,20%와 30% 경계에서 “이상/미만”을 확인해야 합니다.,오답입니다.,오답: 20% 미만 구간입니다.,정답입니다.,오답: 30% 이상 구간입니다.,새마을금고 감독기준 제20조 (경영건전성 비율),분할상환 20미만/20~30/30이상 → 80/90/100,D41,D03,FOCUS,
QRC1-015,RELEASE_READY_V09,SOURCE_REDESIGN_V09,건전성·경영실태평가,PRU-04,D41,예외형,3,예대율 최고한도 적용 제외 여부를 가르는 대출금 총액 기준은?,500억원 미만,200억원 미만,300억원 미만,100억원 미만,2,정답: 200억원 미만,새마을금고 감독기준 제20조 (경영건전성 비율) 기준: 직전 분기 중 분기 말 월 기준 대출금 총액이 200억원 미만인 금고는 예대율 최고한도 적용에서 제외됩니다.,조문 번호보다 숫자·기간·비율·공식 주체·핵심용어를 구분하세요.,오답: 공식자료의 기준은 「200억원 미만」입니다.,정답: 직전 분기 중 분기 말 월 기준 대출금 총액이 200억원 미만인 금고는 예대율 최고한도 적용에서 제외됩니다.,오답: 공식자료의 기준은 「200억원 미만」입니다.,오답: 공식자료의 기준은 「200억원 미만」입니다.,새마을금고 감독기준 제20조 (경영건전성 비율),200억원 미만,D41,D03,FOCUS,
QRC1-016,RELEASE_READY_V09,SOURCE_REDESIGN_V09,건전성·경영실태평가,PRU-05,D42,열거형,2,경영실태평가의 5개 부문에 포함되지 않는 것은?,총자산대비순자본비율,자산건전성,경영관리능력,자본적정성,1,정답: 총자산대비순자본비율,새마을금고 감독기준 제22조 (경영실태분석 및 평가) | 감독기준 [별표 1] 경영실태평가 부문별 평가항목 기준: 경영실태평가의 5개 부문은 자본적정성·자산건전성·경영관리능력·수익성·유동성입니다. 총자산대비순자본비율은 공식 계량지표이지만 5개 부문 명칭 자체는 아닙니다.,조문 번호보다 숫자·기간·비율·공식 주체·핵심용어를 구분하세요.,정답: 경영실태평가의 5개 부문은 자본적정성·자산건전성·경영관리능력·수익성·유동성입니다. 총자산대비순자본비율은 공식 계량지표이지만 5개 부문 명칭 자체는 아닙니다.,오답: 공식자료의 기준은 「총자산대비순자본비율」입니다.,오답: 공식자료의 기준은 「총자산대비순자본비율」입니다.,오답: 공식자료의 기준은 「총자산대비순자본비율」입니다.,새마을금고 감독기준 제22조 (경영실태분석 및 평가) | 감독기준 [별표 1] 경영실태평가 부문별 평가항목,총자산대비순자본비율,D42,D04,QUICK,
QRC1-017,CONTENT_QA_PASS_RC1,GOLD_RC1,건전성·경영실태평가,PRU-05,D42,등급형,2,경영실태평가의 등급과 명칭 연결로 옳은 것은?,1등급 위험,5등급 양호,2등급 취약,3등급 보통,4,3등급은 “보통”입니다.,"경영실태평가는 1등급 우수, 2등급 양호, 3등급 보통, 4등급 취약, 5등급 위험의 5단계입니다.",숫자가 커질수록 상태가 나빠진다는 방향성을 기억하면 혼동을 줄일 수 있습니다.,오답: 1등급은 우수입니다.,오답: 5등급은 위험입니다.,오답: 2등급은 양호입니다.,정답입니다.,새마을금고 감독기준 제22조 (경영실태분석 및 평가) | 감독기준 [별표 5] 경영실태평가등급별 정의,1우-2양-3보-4취-5위,D42,D04,QUICK,
QRC1-018,RELEASE_READY_V09,SOURCE_REDESIGN_V09,건전성·경영실태평가,PRU-05,D43,주기형,3,금고의 자체 경영실태 계량평가는 언제 기준으로 실시하는가?,반기 말,사업연도 말,매월 말,매 분기 말,3,정답: 매월 말,새마을금고 감독기준 시행세칙 제8조 (경영실태평가) 기준: 금고는 매월 말 기준으로 계량평가 항목에 의한 자체 경영실태평가를 실시합니다.,조문 번호보다 숫자·기간·비율·공식 주체·핵심용어를 구분하세요.,오답: 공식자료의 기준은 「매월 말」입니다.,오답: 공식자료의 기준은 「매월 말」입니다.,정답: 금고는 매월 말 기준으로 계량평가 항목에 의한 자체 경영실태평가를 실시합니다.,오답: 공식자료의 기준은 「매월 말」입니다.,새마을금고 감독기준 시행세칙 제8조 (경영실태평가),매월 말,D43,D04,QUICK,
QRC1-019,CONTENT_QA_PASS_RC1,GOLD_RC1,건전성·경영실태평가,PRU-05,D43,등급조정형,3,월별 계량평가등급이 최근 검사 때보다 몇 단계 이상 악화되면 조정 판단 사유인가?,4단계,2단계,3단계,1단계,2,2단계 이상 악화되면 등급 조정여부 판단 사유가 됩니다.,시행세칙 제10조는 월별 계량평가가 최근 검사·현지조사 종합평가 산정 당시의 계량평가보다 2단계 이상 악화된 경우 등을 조정 판단 사유로 둡니다.,“2단계 이상 악화”와 “2분기 연속 낮음”은 서로 다른 별도 사유입니다.,오답입니다.,정답입니다.,오답입니다.,오답입니다.,새마을금고 감독기준 시행세칙 제10조 (경영실태평가등급 조정),2단계 / 2분기,D43,D04,FOCUS,
QRC1-020,CONTENT_QA_PASS_RC1,GOLD_RC1,건전성·경영실태평가,PRU-05,D43,예외형,3,계량평가 기초자료 부족으로 평가가 불가능하면 해당 항목 등급은?,1등급,5등급,4등급,3등급,2,자료 미제출 또는 불충분으로 계량평가가 불가능한 해당 항목은 5등급으로 평가합니다.,평가 불가능하다고 해서 평가를 유보하는 것이 아니라 해당 항목에 5등급을 부여하는 규정입니다.,“평가 제외”라는 선택지가 나오면 주의해야 합니다.,오답입니다.,정답입니다.,오답입니다.,오답입니다.,새마을금고 감독기준 시행세칙 제10조 (경영실태평가등급 조정),자료 부족 = 해당 항목 5등급,D43,D04,FOCUS,
QRC1-021,CONTENT_QA_PASS_RC1,GOLD_RC1,여유자금·유가증권·리스크,INV-02,D48,기간형,2,시행세칙 별표 1에 따르면 국채·지방채·특수채의 잔존만기는 얼마를 초과할 수 없는가?,3년,5년,10년,20년,3,국채·지방채·특수채는 잔존만기 10년 초과가 불가합니다.,증권 운용한도는 상품별 신용등급·만기·총한도·동일종목한도를 함께 봐야 합니다.,무보증채의 5년 기준과 국채 등의 10년 기준을 바꾸어 출제하기 쉽습니다.,오답입니다.,오답: 일반 무보증채 만기와 혼동한 값입니다.,정답입니다.,오답입니다.,감독기준 시행세칙 [별표 1] 증권 등의 운용한도,국지특 10년,D48,D02,QUICK,
QRC1-022,CONTENT_QA_PASS_RC1,GOLD_RC1,여유자금·유가증권·리스크,INV-02,D48,신용등급형,3,일반 무보증채의 기본 투자요건으로 옳은 것은?,"신용등급 BBB- 이상, 10년 이하","신용등급 AA- 이상, 5년 이하만 가능","신용등급 A+ 이상, 10년 이하","신용등급 A- 이상, 5년 이하",4,"일반 무보증채는 기본적으로 신용등급 A- 이상, 5년 이하입니다.",특정업종에는 더 엄격한 AA- 이상 및 3년 초과 불가 기준이 적용될 수 있습니다.,일반 기준과 특정업종 강화기준을 분리해서 기억해야 합니다.,오답입니다.,오답: 특정업종 강화기준과 섞인 선택지입니다.,오답입니다.,정답입니다.,감독기준 시행세칙 [별표 1] 증권 등의 운용한도,일반 A- / 5년,D48,D02,FOCUS,
QRC1-023,CONTENT_QA_PASS_RC1,GOLD_RC1,여유자금·유가증권·리스크,INV-02,D48,예외형,3,시행세칙 별표 1의 “특정업종” 무보증채 기준으로 옳은 것은?,AA- 이상 가능하며 3년 초과는 불가,A- 이상이면 10년까지 가능,BBB 이상이면 기간 제한 없음,A+ 이상이면 7년까지 가능,1,특정업종은 AA- 이상 가능하고 3년 초과가 불가합니다.,"특정업종은 여신전문금융회사(중앙회 자회사 제외), 대부(중개)업, 상호저축은행, 건설, 조선, 석유화학, 해운업, 증권회사 등으로 별표에서 정의합니다.",일반 무보증채 A-/5년과 특정업종 AA-/3년을 짝으로 암기하면 좋습니다.,정답입니다.,오답입니다.,오답입니다.,오답입니다.,감독기준 시행세칙 [별표 1] 증권 등의 운용한도,특정업종 AA- / 3년,D48,D02,FOCUS,
QRC1-024,RELEASE_READY_V09,SOURCE_REDESIGN_V09,여유자금·유가증권·리스크,INV-02,D48,계산형,3,사채권 총운용한도 산정에서 최종 적용하는 금액은?,두 기준 중 큰 금액,두 기준 중 작은 금액,운용기준액의 60%만,자산총액의 30%만,2,정답: 두 기준 중 작은 금액,감독기준 시행세칙 [별표 1] 증권 등의 운용한도 기준: 자산총액의 30%와 예치금(상환준비금 제외)+유가증권 총액의 60%를 계산하여 작은 금액을 적용합니다.,조문 번호보다 숫자·기간·비율·공식 주체·핵심용어를 구분하세요.,오답: 공식자료의 기준은 「두 기준 중 작은 금액」입니다.,정답: 자산총액의 30%와 예치금(상환준비금 제외)+유가증권 총액의 60%를 계산하여 작은 금액을 적용합니다.,오답: 공식자료의 기준은 「두 기준 중 작은 금액」입니다.,오답: 공식자료의 기준은 「두 기준 중 작은 금액」입니다.,감독기준 시행세칙 [별표 1] 증권 등의 운용한도,두 기준 중 작은 금액,D48,D02,FOCUS,
QRC1-025,CONTENT_QA_PASS_RC1,GOLD_RC1,여유자금·유가증권·리스크,INV-02,D48,비율형,3,A0 이하 사채권의 총한도는 사채권 총한도 내에서 자기자본의 얼마인가?,15%,10%,20%,30%,3,A0 이하 사채권은 사채권 총한도 내에서 자기자본의 20%입니다.,신용등급이 낮아질수록 별도의 한도 제한이 붙는 구조로 이해하면 좋습니다.,동일종목한도 10%와 A0 이하 총한도 20%를 혼동하기 쉽습니다.,오답입니다.,오답: 동일종목한도와 혼동하기 쉽습니다.,정답입니다.,오답입니다.,감독기준 시행세칙 [별표 1] 증권 등의 운용한도,A0 이하 총 20%,D48,D02,FOCUS,
QRC1-026,CONTENT_QA_PASS_RC1,GOLD_RC1,여유자금·유가증권·리스크,INV-02,D48,동일종목형,3,일반적인 사채권 동일증권(종목) 한도의 기본 형태로 옳은 것은?,자기자본 20%와 20억원 중 큰 금액,자기자본 30% 단일 기준,자산총액 10%와 20억원 중 큰 금액,자기자본 10%와 20억원 중 작은 금액,4,일반 동일종목한도는 자기자본 10%와 20억원 중 작은 금액이 기본입니다.,그룹별 의결 등 별도 규정이 있으므로 문제에서 일반기준인지 특정 그룹인지 확인해야 합니다.,총한도와 동일종목한도를 섞지 마십시오.,오답입니다.,오답입니다.,오답입니다.,정답입니다.,감독기준 시행세칙 [별표 1] 증권 등의 운용한도,"동일종목 = 10% vs 20억, 작은 쪽",D48,D02,FOCUS,
QRC1-027,RELEASE_READY_V09,SOURCE_REDESIGN_V09,여유자금·유가증권·리스크,INV-02,D48,상품요건형,3,ABS 등의 기본 최소 신용평가등급은?,AA0 이상,AA- 이상,A- 이상,A0 이상,1,정답: AA0 이상,"감독기준 시행세칙 [별표 1] 증권 등의 운용한도 기준: ABS 등은 선순위 공모형으로 신용평가등급 AA0 이상이어야 하며, 부동산 또는 파생상품 연계 제한도 함께 적용됩니다.",조문 번호보다 숫자·기간·비율·공식 주체·핵심용어를 구분하세요.,"정답: ABS 등은 선순위 공모형으로 신용평가등급 AA0 이상이어야 하며, 부동산 또는 파생상품 연계 제한도 함께 적용됩니다.",오답: 공식자료의 기준은 「AA0 이상」입니다.,오답: 공식자료의 기준은 「AA0 이상」입니다.,오답: 공식자료의 기준은 「AA0 이상」입니다.,감독기준 시행세칙 [별표 1] 증권 등의 운용한도,AA0 이상,D48,D05,FOCUS,
QRC1-028,CONTENT_QA_PASS_RC1,GOLD_RC1,여유자금·유가증권·리스크,INV-02,D48,상품요건형,3,MBS의 기본 투자요건으로 옳은 것은?,A- 이상이면 파생상품 연계 가능,AA0 이상이고 파생상품과 불연계,"BBB+ 이상, 잔존만기 제한 없음",신용등급 제한 없음,2,"MBS는 신용등급 AA0 이상, 파생상품 불연계가 기본 요건입니다.",MBS 총한도는 자기자본의 20%이고 동일종목한도는 자기자본 10%와 20억원 중 작은 금액입니다.,ABS와 MBS의 문구를 비슷하게 보되 세부 연계 조건을 확인해야 합니다.,오답입니다.,정답입니다.,오답입니다.,오답입니다.,감독기준 시행세칙 [별표 1] 증권 등의 운용한도,MBS AA0 + 파생 불연계,D48,D05,FOCUS,
QRC1-029,RELEASE_READY_V09,SOURCE_REDESIGN_V09,여유자금·유가증권·리스크,INV-02,D48,금지상품형,2,집합투자증권에서 ETF·지분증권·파생상품 투자비중 상한은?,50% 이하,10% 이하,30% 이하,20% 이하,3,정답: 30% 이하,감독기준 시행세칙 [별표 1] 증권 등의 운용한도 기준: 해당 집합투자증권에서 지분증권·ETF·파생상품 투자는 집합투자기구재산의 30% 이하이어야 합니다.,조문 번호보다 숫자·기간·비율·공식 주체·핵심용어를 구분하세요.,오답: 공식자료의 기준은 「30% 이하」입니다.,오답: 공식자료의 기준은 「30% 이하」입니다.,정답: 해당 집합투자증권에서 지분증권·ETF·파생상품 투자는 집합투자기구재산의 30% 이하이어야 합니다.,오답: 공식자료의 기준은 「30% 이하」입니다.,감독기준 시행세칙 [별표 1] 증권 등의 운용한도,30% 이하,D48,D05,FOCUS,
QRC1-030,CONTENT_QA_PASS_RC1,GOLD_RC1,여유자금·유가증권·리스크,INV-02,D48,기준일형,2,증권 운용한도의 자산총액·자기자본·예치금·유가증권 및 기준금액은 원칙적으로 어느 시점 기준인가?,전년도 말 기준,전월 말 기준,당일 장중 기준,최근 3개년 평균,1,별표 1은 이들 금액을 전년도 말 기준으로 봅니다.,또한 금액은 재무상태표의 장부금액 기준임을 함께 명시합니다.,전월 말과 전년도 말을 혼동하지 않아야 합니다.,정답입니다.,오답입니다.,오답입니다.,오답입니다.,감독기준 시행세칙 [별표 1] 증권 등의 운용한도,운용한도 기준금액 = 전년도 말 장부금액,D48,D05,FOCUS,
QRC1-031,RELEASE_READY_V09,SOURCE_REDESIGN_V09,회원·출자,MEM-01,D05,자격형,2,지역금고 회원의 지역 요건으로 맞는 것은?,법인만 가입,출자좌수만 충족,업무구역 밖 거주만,업무구역에 주소·거소 또는 생업,4,정답: 업무구역에 주소·거소 또는 생업,새마을금고법 제9조 (회원과 자본금) 기준: 지역금고 회원은 정관으로 정한 업무구역에 주소·거소가 있거나 생업에 종사하는 자 등 법정 요건을 충족해야 합니다.,조문 번호보다 숫자·기간·비율·공식 주체·핵심용어를 구분하세요.,오답: 공식자료의 기준은 「업무구역에 주소·거소 또는 생업」입니다.,오답: 공식자료의 기준은 「업무구역에 주소·거소 또는 생업」입니다.,오답: 공식자료의 기준은 「업무구역에 주소·거소 또는 생업」입니다.,정답: 지역금고 회원은 정관으로 정한 업무구역에 주소·거소가 있거나 생업에 종사하는 자 등 법정 요건을 충족해야 합니다.,새마을금고법 제9조 (회원과 자본금),업무구역에 주소·거소 또는 생업,D05,D01,FOCUS,
QRC1-032,CONTENT_QA_PASS_RC1,GOLD_RC1,회원·출자,MEM-01,D05,숫자형,1,한 금고의 회원 수는 최소 몇 명 이상이어야 하는가?,500명,200명,100명,50명,3,한 금고의 회원 수는 100명 이상입니다.,설립 발기인 수 등 다른 숫자와 구별해야 합니다.,발기인 50명과 회원 수 100명을 바꾸어 내는 문제가 흔한 형태입니다.,오답입니다.,오답입니다.,정답입니다.,오답: 발기인 수와 혼동하기 쉽습니다.,새마을금고법 제9조 (회원과 자본금),발기인 50 / 회원 100,D05,D01,QUICK,
QRC1-033,CONTENT_QA_PASS_RC1,GOLD_RC1,회원·출자,MEM-03,D07,비율형,2,한 회원이 가질 수 있는 출자좌수의 최고한도는 총출자좌수의 몇 퍼센트를 초과할 수 없는가?,10%,15%,20%,5%,2,한 회원의 최고 출자좌수 한도는 총출자좌수의 15%입니다.,"출자 1좌의 금액은 정관으로 정하지만, 개인별 최고한도는 법에서 총출자좌수의 15%를 넘을 수 없도록 합니다.",“자기자본 15%”가 아니라 “총출자좌수 15%”입니다.,오답입니다.,정답입니다.,오답입니다.,오답입니다.,새마을금고법 제9조 (회원과 자본금),출자 최고 15%,D07,D01,QUICK,
QRC1-034,CONTENT_QA_PASS_RC1,GOLD_RC1,회원·출자,MEM-02,D06,원칙형,2,회원의 의결권과 선거권에 관한 원칙으로 옳은 것은?,출자좌수에 관계없이 평등하다,출자 100좌 이상만 의결권을 가진다,출자좌수가 많을수록 의결권도 많다,이사장이 정하는 비율로 차등한다,1,회원은 출자좌수와 관계없이 평등한 의결권과 선거권을 가집니다.,협동조합적 성격상 출자액에 비례한 주식회사식 의결권이 아니라 기본적으로 1인 평등 원칙을 취합니다. 다만 법과 정관이 정한 제한 사유는 있습니다.,출자액과 의결권 수를 비례시키는 선택지를 조심해야 합니다.,정답입니다.,오답입니다.,오답입니다.,오답입니다.,새마을금고법 제9조 (회원과 자본금) | 새마을금고 정관(예) 제10조 (의결권 등),출자 많아도 표는 평등,D06,D01,QUICK,
QRC1-035,CONTENT_QA_PASS_RC1,GOLD_RC1,회원·출자,MEM-02,D06,대리형,2,한 회원이 의결권을 대리하여 행사할 수 있는 다른 회원의 수는 최대 몇 명인가?,1명,3명,제한 없음,2명,4,한 회원이 대리할 수 있는 회원의 수는 2명을 초과할 수 없습니다.,"대리인은 다른 회원이어야 하고, 정관(예)에서는 의결권이 있는 회원 및 서면 증명 요건도 구체화합니다.",선거권은 대리 행사할 수 없다는 정관(예)의 별도 규정과 구별해야 합니다.,오답입니다.,오답입니다.,오답입니다.,정답입니다.,새마을금고법 제9조 (회원과 자본금) | 새마을금고 정관(예) 제10조 (의결권 등),의결권 대리 최대 2명,D06,D01,FOCUS,
QRC1-036,RELEASE_READY_V09,SOURCE_REDESIGN_V09,회원·출자,MEM-03,D07,금지형,2,출자금에 대한 제한으로 맞는 것은?,질권 설정 가능,상계 가능,상계 불가·질권 설정 불가,자유 양도 가능,3,정답: 상계 불가·질권 설정 불가,새마을금고법 제9조 (회원과 자본금) 기준: 출자금은 금고에 대한 채권과 상계하지 못하고 질권의 목적이 될 수 없습니다.,조문 번호보다 숫자·기간·비율·공식 주체·핵심용어를 구분하세요.,오답: 공식자료의 기준은 「상계 불가·질권 설정 불가」입니다.,오답: 공식자료의 기준은 「상계 불가·질권 설정 불가」입니다.,정답: 출자금은 금고에 대한 채권과 상계하지 못하고 질권의 목적이 될 수 없습니다.,오답: 공식자료의 기준은 「상계 불가·질권 설정 불가」입니다.,새마을금고법 제9조 (회원과 자본금),상계 불가·질권 설정 불가,D07,D01,FOCUS,
QRC1-037,CONTENT_QA_PASS_RC1,GOLD_RC1,회원·출자,MEM-03,D07,양도형,2,회원이 자신의 출자금을 다른 회원에게 양도하려는 경우 필요한 것은?,행정안전부장관 승인,이사장의 승인,총회 특별결의만 필요,아무 승인도 필요 없음,2,출자금 양도에는 이사장의 승인이 필요합니다.,양수인은 양도인의 출자금에 관한 재산상의 권리와 의무를 승계합니다.,“다른 회원에게” 양도한다는 점도 함께 기억해야 합니다.,오답입니다.,정답입니다.,오답입니다.,오답입니다.,새마을금고법 제9조 (회원과 자본금),출자 양도 = 이사장 승인,D07,D01,FOCUS,
QRC1-038,CONTENT_QA_PASS_RC1,GOLD_RC1,회원·출자,MEM-04,D08,기간형,3,탈퇴회원의 출자금 환급청구권과 예탁금·적금 환급청구권의 소멸시효 연결로 옳은 것은?,출자금 2년 / 예탁금·적금 5년,출자금 5년 / 예탁금·적금 2년,모두 10년,출자금 1년 / 예탁금·적금 3년,1,"출자금은 2년, 예탁금·적금은 5년입니다.",각각 “환급을 청구할 수 있는 날”부터 기간이 시작됩니다.,2년과 5년을 거꾸로 바꾸는 선택지가 전형적인 함정입니다.,정답입니다.,오답: 기간이 뒤바뀌었습니다.,오답입니다.,오답입니다.,새마을금고법 제10조 (탈퇴 등) | 새마을금고 정관(예) 제14조 (탈퇴회원의 환급청구 등),출자 2 / 예적금 5,D08,D01,QUICK,
QRC1-039,CONTENT_QA_PASS_RC1,GOLD_RC1,회원·출자,MEM-04,D08,제명형,3,회원 제명사유에 해당하지 않는 것은?,1년 이상 장기간 대출금 상환 지체,금고 사업집행을 고의로 방해한 사실이 입증됨,2년 이상 계속하여 금고 사업을 이용하지 않음,6개월 동안 금고를 이용하지 않음,4,단순 6개월 미이용은 법정 제명사유가 아닙니다.,"제명사유에는 1년 이상 대출금 상환지체, 고의적 사업방해, 2년 이상 계속 미이용, 고의 또는 중대한 과실로 직접 재산손해를 끼친 경우가 포함됩니다.",1년과 2년이라는 서로 다른 기간을 구분해야 합니다.,제명사유입니다.,제명사유입니다.,제명사유입니다.,정답: 6개월 미이용만으로는 법정 제명사유가 아닙니다.,새마을금고법 제10조의2 (제명),제명: 연체 1년 / 미이용 2년,D08,D01,FOCUS,
QRC1-040,RELEASE_READY_V09,SOURCE_REDESIGN_V09,회원·출자,MEM-04,D08,절차형,3,회원 제명사유는 총회 며칠 전까지 알려야 하는가?,7일 전,5일 전,3일 전,10일 전,4,정답: 10일 전,새마을금고법 제10조의2 (제명) 기준: 회원 제명 시 총회 개최 10일 전까지 제명사유를 알리고 총회에서 의견을 진술할 기회를 주어야 합니다.,조문 번호보다 숫자·기간·비율·공식 주체·핵심용어를 구분하세요.,오답: 공식자료의 기준은 「10일 전」입니다.,오답: 공식자료의 기준은 「10일 전」입니다.,오답: 공식자료의 기준은 「10일 전」입니다.,정답: 회원 제명 시 총회 개최 10일 전까지 제명사유를 알리고 총회에서 의견을 진술할 기회를 주어야 합니다.,새마을금고법 제10조의2 (제명),10일 전,D08,D01,FOCUS,
QRC1-041,RELEASE_READY_V09,SOURCE_REDESIGN_V09,임원·직원·선거,HR-01,D15,정수형,2,금고 감사의 정수 상한은?,3명 이하,2명 이하,1명 이하,5명 이하,1,정답: 3명 이하,새마을금고법 제18조 (임원의 선임 등) 기준: 금고의 감사는 3명 이하로 둡니다.,조문 번호보다 숫자·기간·비율·공식 주체·핵심용어를 구분하세요.,정답: 금고의 감사는 3명 이하로 둡니다.,오답: 공식자료의 기준은 「3명 이하」입니다.,오답: 공식자료의 기준은 「3명 이하」입니다.,오답: 공식자료의 기준은 「3명 이하」입니다.,새마을금고법 제18조 (임원의 선임 등),3명 이하,D15,D01,QUICK,
QRC1-042,CONTENT_QA_PASS_RC1,GOLD_RC1,임원·직원·선거,HR-03,D17,정수형,2,상근하는 임원의 수에 관한 법상 상한으로 옳은 것은?,상근임원 수에 제한 없음,"이사장을 포함한 이사 중 2명, 감사 중 1명",이사장만 상근 가능,"이사 3명, 감사 3명",2,"상근임원은 이사장을 포함한 이사 중 2명, 감사 중 1명을 초과할 수 없습니다.",이는 “상근임원을 둘 수 있는 금고”에 적용되는 상근 인원 상한입니다.,전체 임원 정수와 상근임원 상한을 혼동하면 안 됩니다.,오답입니다.,정답입니다.,오답입니다.,오답입니다.,새마을금고법 제18조 (임원의 선임 등),상근: 이사쪽 2 + 감사 1,D17,D02,FOCUS,
QRC1-043,CONTENT_QA_PASS_RC1,GOLD_RC1,임원·직원·선거,HR-03,D17,자산규모형,2,"자산 500억원 이상 2,000억원 미만 금고가 둘 수 있는 상근임원 수는?",3명 이하,2명 이하,1명,4명 이하,3,"500억원 이상 2,000억원 미만이면 상근임원 1명입니다.",시행령 제7조는 자산구간별 상근임원 수를 단계적으로 정합니다.,"2,000억원과 5,000억원 경계에서 인원 수가 바뀝니다.","오답: 5,000억원 이상 구간입니다.",오답: 다음 자산구간입니다.,정답입니다.,오답입니다.,새마을금고법 시행령 제7조 (상근임원),500~2000 = 1,D17,D02,QUICK,
QRC1-044,CONTENT_QA_PASS_RC1,GOLD_RC1,임원·직원·선거,HR-03,D17,자산규모형,2,"경영상태 기준을 충족하는 금고로서 자산이 3,000억원인 경우 둘 수 있는 상근임원 수는?",1명만,3명 이하,상근임원을 둘 수 없다,2명 이하,4,"2,000억원 이상 5,000억원 미만이면 2명 이하입니다.","자산 3,000억원은 해당 구간에 포함됩니다.",“이상/미만” 경계문구를 정확히 읽어야 합니다.,오답입니다.,"오답: 5,000억원 이상 구간입니다.",오답입니다.,정답입니다.,새마을금고법 시행령 제7조 (상근임원),2000~5000 = ≤2,D17,D02,QUICK,
QRC1-045,CONTENT_QA_PASS_RC1,GOLD_RC1,임원·직원·선거,HR-03,D17,자산규모형,2,"경영상태 기준을 충족하는 금고로서 자산이 5,500억원인 경우 둘 수 있는 상근임원 수는?",3명 이하,2명 이하,5명 이하,1명,1,"자산 5,000억원 이상이면 3명 이하입니다.",다만 법상 전체 상근임원 상한과 상근감사 관련 별도 조건을 함께 확인해야 합니다.,"5,000억원은 “이상”이므로 이 구간에 들어옵니다.",정답입니다.,오답입니다.,오답입니다.,오답입니다.,새마을금고법 시행령 제7조 (상근임원) | 새마을금고법 제18조 (임원의 선임 등),5000 이상 = ≤3,D17,D02,FOCUS,
QRC1-046,CONTENT_QA_PASS_RC1,GOLD_RC1,임원·직원·선거,HR-03,D17,기준일형,3,상근임원을 둘 수 있는 금고의 자산 규모 판단은 원칙적으로 어느 결산보고서의 자산총액을 기준으로 하는가?,최근 3개년 평균,이사장 선출연도의 전전 사업연도,이사장 선출연도의 직전 사업연도,이사장 선출연도 당해 분기,2,이사장을 선출하는 연도의 전전 사업연도 결산보고서 자산총액이 기준입니다.,정기총회의 승인을 받은 결산보고서에 적힌 자산총액을 사용합니다.,직전과 전전을 바꾸어 묻는 문제가 나오기 쉽습니다.,오답입니다.,정답입니다.,오답입니다.,오답입니다.,새마을금고법 시행령 제7조 (상근임원),상근임원 자산 = 전전 사업연도,D17,D02,FOCUS,
QRC1-047,CONTENT_QA_PASS_RC1,GOLD_RC1,임원·직원·선거,HR-03,D17,자격형,3,상근이사장의 자격요건 예시로 옳지 않은 것은?,금고에서 상근임원으로 4년 이상 근무,금고에서 임원으로 6년 이상 근무,금고에서 일반 직원으로 2년 이상 근무,금고나 중앙회에서 상근직으로 10년 이상 근무,3,단순 2년 직원 경력만으로는 시행령의 상근이사장 자격요건 예시에 해당하지 않습니다.,"상근이사장은 4년 상근임원, 6년 임원, 10년 금고·중앙회 상근직 등 여러 대체 경력요건 중 하나를 충족해야 합니다.",상근이사장과 상근이사의 경력연수 기준을 혼동하기 쉽습니다.,자격요건입니다.,자격요건입니다.,정답: 해당 요건이 아닙니다.,자격요건입니다.,새마을금고법 시행령 제8조 (상근임원의 자격 요건),이사장 4/6/10,D17,D02,FOCUS,
QRC1-048,CONTENT_QA_PASS_RC1,GOLD_RC1,임원·직원·선거,HR-03,D17,자산규모형,2,직전 사업연도 말 총자산이 800억원이고 다른 기준도 충족하는 금고가 둘 수 있는 간부직원은?,전무와 상무 모두 자산기준상 불가,전무만 가능,자산기준과 무관하다,상무를 둘 수 있다,4,"상무는 500억원 이상, 전무는 1,000억원 이상이 기본 자산기준입니다.","800억원은 상무 기준은 충족하지만 전무 기준 1,000억원에는 미달합니다.","전무와 상무의 1,000억/500억 기준을 바꾸지 않도록 주의합니다.",오답: 상무 기준은 충족합니다.,오답입니다.,오답입니다.,정답입니다.,새마을금고법 시행령 제10조 (금고의 직원),전무 1000 / 상무 500,D17,D02,FOCUS,
QRC1-049,CONTENT_QA_PASS_RC1,GOLD_RC1,임원·직원·선거,HR-03,D17,자격형,2,간부직원(전무·상무)의 개인 자격과 관련하여 반드시 필요한 것은?,회장이 실시하는 전형시험 합격,이사장 선거 출마경력,회원 가입 후 10년 경과,감사 경력 10년,1,간부직원은 법정 결격사유에 해당하지 않으면서 회장이 실시하는 전형시험에 합격해야 합니다.,금고 자체 자산·경영기준과 개인의 자격요건은 별개로 모두 충족되어야 합니다.,“금고 기준 충족 = 개인 자격 자동 충족”으로 생각하면 틀립니다.,정답입니다.,오답입니다.,오답입니다.,오답입니다.,새마을금고법 시행령 제10조 (금고의 직원),간부직원 = 결격X + 전형시험,D17,D02,FOCUS,
QRC1-050,RELEASE_READY_V09,SOURCE_REDESIGN_V09,임원·직원·선거,HR-03,D17,복합형,4,전무·상무 설치 요건의 경영실태 종합평가 기준은?,3등급 이상,5등급 이상,4등급 이상,2등급 이상,3,정답: 4등급 이상,새마을금고 감독기준 시행세칙 제22조 (임명기준) | 새마을금고 감독기준 시행세칙 제23조 (산정방법) | 새마을금고법 시행령 제10조 (금고의 직원) 기준: 재무구조·경영실적 기준에서는 경영건전성 비율을 모두 충족하고 경영실태 종합평가등급이 4등급 이상이어야 합니다.,조문 번호보다 숫자·기간·비율·공식 주체·핵심용어를 구분하세요.,오답: 공식자료의 기준은 「4등급 이상」입니다.,오답: 공식자료의 기준은 「4등급 이상」입니다.,정답: 재무구조·경영실적 기준에서는 경영건전성 비율을 모두 충족하고 경영실태 종합평가등급이 4등급 이상이어야 합니다.,오답: 공식자료의 기준은 「4등급 이상」입니다.,새마을금고 감독기준 시행세칙 제22조 (임명기준) | 새마을금고 감독기준 시행세칙 제23조 (산정방법) | 새마을금고법 시행령 제10조 (금고의 직원),4등급 이상,D17,D02,FOCUS,
QRC1-051,RELEASE_READY_V09,SOURCE_REDESIGN_V09,임원·직원·선거,HR-04,D18,원칙형,2,금고 임원 선거운동의 기본 원칙은?,합동연설회,공영제,선거공보,공개토론회,2,정답: 공영제,새마을금고법 제22조 (임원 등의 선거운동 제한) 기준: 새마을금고법은 임원의 선거운동에 공영제를 원칙으로 둡니다.,조문 번호보다 숫자·기간·비율·공식 주체·핵심용어를 구분하세요.,오답: 공식자료의 기준은 「공영제」입니다.,정답: 새마을금고법은 임원의 선거운동에 공영제를 원칙으로 둡니다.,오답: 공식자료의 기준은 「공영제」입니다.,오답: 공식자료의 기준은 「공영제」입니다.,새마을금고법 제22조 (임원 등의 선거운동 제한),공영제,D18,D01,FOCUS,
QRC1-052,CONTENT_QA_PASS_RC1,GOLD_RC1,임원·직원·선거,HR-04,D18,기간형,3,임원 및 대의원의 임기만료에 따른 선거에서 호별 방문 금지기간이 시작되는 시점은?,임기만료일 전 90일,임기만료일 전 30일,임기만료일 전 180일,임기만료일 전 60일,1,호별 방문 금지는 임기만료일 전 90일부터 선거일까지입니다.,보궐선거 또는 재선거의 경우에는 선거 공고일부터 적용됩니다.,기부행위 제한의 180일과 호별방문의 90일을 혼동하기 쉽습니다.,정답입니다.,오답입니다.,오답: 180일은 기부행위 제한과 연결됩니다.,오답입니다.,새마을금고법 제22조 (임원 등의 선거운동 제한),호별 90 / 기부 180,D18,D01,FOCUS,
QRC1-053,CONTENT_QA_PASS_RC1,GOLD_RC1,임원·직원·선거,HR-04,D18,기간형,3,임원 선거운동은 원칙적으로 언제 할 수 있는가?,선거공고일부터 선거일 후 1일까지,후보자등록마감일 당일부터 선거일까지,임기만료일 전 180일부터 선거일까지,후보자등록마감일 다음 날부터 선거일 전날까지,4,원칙적인 선거운동기간은 후보자등록마감일 다음 날부터 선거일 전날까지입니다.,다만 선거일에 합동연설회 또는 공개토론회에서 자신의 소견을 발표하는 예외가 있습니다.,“선거일 전날까지”와 “선거일까지”를 구별하십시오.,오답입니다.,오답입니다.,오답입니다.,정답입니다.,새마을금고법 제22조 (임원 등의 선거운동 제한),등록마감 다음날 ~ 선거 전날,D18,D01,FOCUS,
QRC1-054,RELEASE_READY_V09,SOURCE_REDESIGN_V09,임원·직원·선거,HR-04,D18,허용방법형,2,법이 허용한 후보자의 선거운동 방법이 아닌 것은?,전화·문자·전자우편,선거공보,호별 방문,합동연설회·공개토론회,3,정답: 호별 방문,"새마을금고법 제22조 (임원 등의 선거운동 제한) 기준: 후보자에게 허용된 방법에는 선거공보, 합동연설회·공개토론회, 전화·문자·전자우편 등이 포함되며 호별 방문은 금지됩니다.",조문 번호보다 숫자·기간·비율·공식 주체·핵심용어를 구분하세요.,오답: 공식자료의 기준은 「호별 방문」입니다.,오답: 공식자료의 기준은 「호별 방문」입니다.,"정답: 후보자에게 허용된 방법에는 선거공보, 합동연설회·공개토론회, 전화·문자·전자우편 등이 포함되며 호별 방문은 금지됩니다.",오답: 공식자료의 기준은 「호별 방문」입니다.,새마을금고법 제22조 (임원 등의 선거운동 제한),호별 방문,D18,D01,FOCUS,
QRC1-055,CONTENT_QA_PASS_RC1,GOLD_RC1,임원·직원·선거,HR-04,D18,기간형,3,임원 선거 후보자 등의 기부행위 제한은 원칙적으로 임기만료일 전 몇 일부터 시작되는가?,30일,180일,90일,60일,2,기부행위 제한은 임기만료일 전 180일부터 선거일까지입니다.,재선거 또는 보궐선거는 선거 실시 사유가 확정된 날부터 적용됩니다.,호별방문 90일과 기부행위 180일을 반드시 구별해야 합니다.,오답입니다.,정답입니다.,오답: 호별 방문 기간과 혼동한 값입니다.,오답입니다.,새마을금고법 제22조의2 (기부행위의 제한),기부 = 180일,D18,D01,FOCUS,
QRC1-056,CONTENT_QA_PASS_RC1,GOLD_RC1,임원·직원·선거,HR-04,D18,금액형,2,시행규칙상 친족 외의 사람에게 통상적인 범위에서 제공할 수 있는 축의·부의금품(화환·화분 포함)의 상한은?,5만원,1만원,3만원,10만원,1,축의·부의금품의 상한은 5만원입니다.,"음식물 3만원, 답례품 1만원, 의례적인 선물 3만원과 함께 묶어 학습해야 합니다.",5·3·1·3 숫자 배열을 순서대로 기억하십시오.,정답입니다.,오답: 답례품 상한입니다.,오답: 음식물·의례적 선물 상한입니다.,오답입니다.,새마을금고법 시행규칙 제5조의3 (축의·부의금품 등의 금액 범위),축5 음식3 답1 선3,D18,D01,QUICK,
QRC1-057,CONTENT_QA_PASS_RC1,GOLD_RC1,임원·직원·선거,HR-04,D18,금액형,2,시행규칙상 통상적인 범위의 금액 상한 연결로 옳지 않은 것은?,의례적인 선물 3만원,음식물 3만원,답례품 1만원,축의·부의금품 3만원,4,축의·부의금품은 5만원 이내이므로 3만원이라는 연결이 틀렸습니다.,금액형 문제는 네 항목을 세트로 반복하는 것이 효과적입니다.,음식물과 의례적 선물이 모두 3만원이라는 점 때문에 축의금까지 3만원으로 착각하기 쉽습니다.,옳습니다.,옳습니다.,옳습니다.,정답: 축의·부의금품은 5만원입니다.,새마을금고법 시행규칙 제5조의3 (축의·부의금품 등의 금액 범위),5-3-1-3,D18,D01,QUICK,
QRC1-058,RELEASE_READY_V09,SOURCE_REDESIGN_V09,임원·직원·선거,HR-04,D19,구성형,3,금고 선거관리위원회는 최소 몇 명의 위원으로 구성하는가?,7명 이상,9명 이상,5명 이상,3명 이상,3,정답: 5명 이상,"새마을금고법 제23조 (선거관리위원회의 설치·운영 등) | 새마을금고 정관(예) 제40조의4 (위원회의 구성) 기준: 선거관리위원회는 이사회가 위촉하는 5명 이상의 위원으로 구성하며, 2명 이상은 회원이 아닌 사람이어야 합니다.",조문 번호보다 숫자·기간·비율·공식 주체·핵심용어를 구분하세요.,오답: 공식자료의 기준은 「5명 이상」입니다.,오답: 공식자료의 기준은 「5명 이상」입니다.,"정답: 선거관리위원회는 이사회가 위촉하는 5명 이상의 위원으로 구성하며, 2명 이상은 회원이 아닌 사람이어야 합니다.",오답: 공식자료의 기준은 「5명 이상」입니다.,새마을금고법 제23조 (선거관리위원회의 설치·운영 등) | 새마을금고 정관(예) 제40조의4 (위원회의 구성),5명 이상,D19,D01,FOCUS,
QRC1-059,RELEASE_READY_V09,SOURCE_REDESIGN_V09,임원·직원·선거,HR-04,D19,기간형,3,선거관리위원회 설치기간의 시작 시점은?,후보자등록일,임원 선거 공고일 전날,임기만료일 180일 전,선거일 30일 전,2,정답: 임원 선거 공고일 전날,새마을금고법 시행령 제10조의4 (선거관리위원회의 구성·운영·직무 등) 기준: 선거관리위원회는 원칙적으로 임원 선거 공고일 전날부터 선거일 후 2개월이 되는 날까지 설치합니다.,조문 번호보다 숫자·기간·비율·공식 주체·핵심용어를 구분하세요.,오답: 공식자료의 기준은 「임원 선거 공고일 전날」입니다.,정답: 선거관리위원회는 원칙적으로 임원 선거 공고일 전날부터 선거일 후 2개월이 되는 날까지 설치합니다.,오답: 공식자료의 기준은 「임원 선거 공고일 전날」입니다.,오답: 공식자료의 기준은 「임원 선거 공고일 전날」입니다.,새마을금고법 시행령 제10조의4 (선거관리위원회의 구성·운영·직무 등),임원 선거 공고일 전날,D19,D01,QUICK,
QRC1-060,RELEASE_READY_V09,SOURCE_REDESIGN_V09,임원·직원·선거,HR-04,D19,위탁형,3,지역금고 이사장 선거사무의 위탁 대상은?,금고 선거관리위원회,관할 구·시·군선거관리위원회,이사회,중앙선거관리위원회,2,정답: 관할 구·시·군선거관리위원회,새마을금고법 제23조의2 (선거관리의 위탁) 기준: 지역금고 이사장 선거사무는 주된 사무소 소재지 관할 구·시·군선거관리위원회에 위탁합니다.,조문 번호보다 숫자·기간·비율·공식 주체·핵심용어를 구분하세요.,오답: 공식자료의 기준은 「관할 구·시·군선거관리위원회」입니다.,정답: 지역금고 이사장 선거사무는 주된 사무소 소재지 관할 구·시·군선거관리위원회에 위탁합니다.,오답: 공식자료의 기준은 「관할 구·시·군선거관리위원회」입니다.,오답: 공식자료의 기준은 「관할 구·시·군선거관리위원회」입니다.,새마을금고법 제23조의2 (선거관리의 위탁),관할 구·시·군선거관리위원회,D19,D01,FOCUS,
QRC2-061,RELEASE_READY_V09,SOURCE_REDESIGN_V09,건전성·경영실태평가,PRU-01,D38,기간형,3,대출금이 ‘정상’으로 분류되기 위한 연체기간 기준은?,12개월 이상,1개월 이상,3개월 이상,1개월 미만,4,정답: 1개월 미만,새마을금고 감독기준 [별표 2] 자산건전성 분류기준 기준: 정상 분류의 기본 연체기간 기준은 1개월 미만입니다.,문구를 길게 외우기보다 기간·비율·금액·분류기준을 짧게 구분하세요.,오답: 공식자료의 기준은 「1개월 미만」입니다.,오답: 공식자료의 기준은 「1개월 미만」입니다.,오답: 공식자료의 기준은 「1개월 미만」입니다.,정답: 정상 분류의 기본 연체기간 기준은 1개월 미만입니다.,새마을금고 감독기준 [별표 2] 자산건전성 분류기준,1개월 미만,D38,D03,FOCUS,
QRC2-062,RELEASE_READY_V09,SOURCE_REDESIGN_V09,건전성·경영실태평가,PRU-01,D38,기간형,3,대출금 ‘요주의’의 연체기간 기준은?,1개월 미만,12개월 이상,1개월 이상 3개월 미만,3개월 이상 12개월 미만,3,정답: 1개월 이상 3개월 미만,새마을금고 감독기준 [별표 2] 자산건전성 분류기준 기준: 요주의는 1개월 이상 3개월 미만 연체대출금을 보유하나 회수가 확실시되는 경우의 총대출금입니다.,문구를 길게 외우기보다 기간·비율·금액·분류기준을 짧게 구분하세요.,오답: 공식자료의 기준은 「1개월 이상 3개월 미만」입니다.,오답: 공식자료의 기준은 「1개월 이상 3개월 미만」입니다.,정답: 요주의는 1개월 이상 3개월 미만 연체대출금을 보유하나 회수가 확실시되는 경우의 총대출금입니다.,오답: 공식자료의 기준은 「1개월 이상 3개월 미만」입니다.,새마을금고 감독기준 [별표 2] 자산건전성 분류기준,1개월 이상 3개월 미만,D38,D03,FOCUS,
QRC2-063,RELEASE_READY_V09,SOURCE_REDESIGN_V09,건전성·경영실태평가,PRU-01,D38,기간형,3,대출금 ‘고정’ 분류에서 기준이 되는 연체기간은?,1개월 이상 3개월 미만,3개월 이상,1개월 미만,12개월 이상,2,정답: 3개월 이상,새마을금고 감독기준 [별표 2] 자산건전성 분류기준 기준: 고정 분류는 3개월 이상 연체대출금을 보유한 채무자의 총대출금 중 회수예상가액 해당 금액을 봅니다.,문구를 길게 외우기보다 기간·비율·금액·분류기준을 짧게 구분하세요.,오답: 공식자료의 기준은 「3개월 이상」입니다.,정답: 고정 분류는 3개월 이상 연체대출금을 보유한 채무자의 총대출금 중 회수예상가액 해당 금액을 봅니다.,오답: 공식자료의 기준은 「3개월 이상」입니다.,오답: 공식자료의 기준은 「3개월 이상」입니다.,새마을금고 감독기준 [별표 2] 자산건전성 분류기준,3개월 이상,D38,D03,FOCUS,
QRC2-064,RELEASE_READY_V09,SOURCE_REDESIGN_V09,건전성·경영실태평가,PRU-01,D38,기간형,3,‘회수의문’에서 보는 연체기간 구간은?,3개월 이상 12개월 미만,1개월 이상 3개월 미만,12개월 이상,1개월 미만,1,정답: 3개월 이상 12개월 미만,새마을금고 감독기준 [별표 2] 자산건전성 분류기준 기준: 회수의문은 3개월 이상 12개월 미만 연체대출금의 회수예상가액 초과부분을 봅니다.,문구를 길게 외우기보다 기간·비율·금액·분류기준을 짧게 구분하세요.,정답: 회수의문은 3개월 이상 12개월 미만 연체대출금의 회수예상가액 초과부분을 봅니다.,오답: 공식자료의 기준은 「3개월 이상 12개월 미만」입니다.,오답: 공식자료의 기준은 「3개월 이상 12개월 미만」입니다.,오답: 공식자료의 기준은 「3개월 이상 12개월 미만」입니다.,새마을금고 감독기준 [별표 2] 자산건전성 분류기준,3개월 이상 12개월 미만,D38,D03,FOCUS,
QRC2-065,RELEASE_READY_V09,SOURCE_REDESIGN_V09,건전성·경영실태평가,PRU-01,D38,기간형,3,‘추정손실’에서 보는 연체기간 기준은?,1개월 이상,6개월 이상,3개월 이상,12개월 이상,4,정답: 12개월 이상,새마을금고 감독기준 [별표 2] 자산건전성 분류기준 기준: 추정손실은 12개월 이상 연체대출금의 회수예상가액 초과부분을 봅니다.,문구를 길게 외우기보다 기간·비율·금액·분류기준을 짧게 구분하세요.,오답: 공식자료의 기준은 「12개월 이상」입니다.,오답: 공식자료의 기준은 「12개월 이상」입니다.,오답: 공식자료의 기준은 「12개월 이상」입니다.,정답: 추정손실은 12개월 이상 연체대출금의 회수예상가액 초과부분을 봅니다.,새마을금고 감독기준 [별표 2] 자산건전성 분류기준,12개월 이상,D38,D03,FOCUS,
QRC2-066,RELEASE_READY_V09,SOURCE_REDESIGN_V09,건전성·경영실태평가,PRU-01,D38,기간형,2,유가증권 평가액이 장부가액을 계속 밑돌 때 ‘요주의’ 판단 기간은?,1개월 이상,6개월 이상,3개월 이상,12개월 이상,3,정답: 3개월 이상,새마을금고 감독기준 [별표 2] 자산건전성 분류기준 기준: 평가액이 장부가액을 3개월 이상 계속 하회하는 유가증권은 요주의 기준에 해당합니다.,문구를 길게 외우기보다 기간·비율·금액·분류기준을 짧게 구분하세요.,오답: 공식자료의 기준은 「3개월 이상」입니다.,오답: 공식자료의 기준은 「3개월 이상」입니다.,정답: 평가액이 장부가액을 3개월 이상 계속 하회하는 유가증권은 요주의 기준에 해당합니다.,오답: 공식자료의 기준은 「3개월 이상」입니다.,새마을금고 감독기준 [별표 2] 자산건전성 분류기준,3개월 이상,D38,D03,FOCUS,
QRC2-067,RELEASE_READY_V09,SOURCE_REDESIGN_V09,건전성·경영실태평가,PRU-01,D38,기간형,2,유가증권 ‘추정손실’에서 평가액 하회기간 기준은?,3개월 이상,6개월 이상,1개월 이상,12개월 이상,2,정답: 6개월 이상,새마을금고 감독기준 [별표 2] 자산건전성 분류기준 기준: 평가액이 장부가액을 6개월 이상 계속 하회하는 경우 평가손실액을 추정손실로 봅니다.,문구를 길게 외우기보다 기간·비율·금액·분류기준을 짧게 구분하세요.,오답: 공식자료의 기준은 「6개월 이상」입니다.,정답: 평가액이 장부가액을 6개월 이상 계속 하회하는 경우 평가손실액을 추정손실로 봅니다.,오답: 공식자료의 기준은 「6개월 이상」입니다.,오답: 공식자료의 기준은 「6개월 이상」입니다.,새마을금고 감독기준 [별표 2] 자산건전성 분류기준,6개월 이상,D38,D03,FOCUS,
QRC2-068,RELEASE_READY_V09,SOURCE_REDESIGN_V09,건전성·경영실태평가,PRU-01,D38,기간형,2,미수채권의 ‘정상’ 분류기간 기준은?,지급일부터 1개월 미만,6개월 이상,1개월 이상 3개월 미만,3개월 이상,1,정답: 지급일부터 1개월 미만,새마을금고 감독기준 [별표 2] 자산건전성 분류기준 기준: 지급일부터 1개월이 경과하지 않은 미수채권은 정상 분류 기준입니다.,문구를 길게 외우기보다 기간·비율·금액·분류기준을 짧게 구분하세요.,정답: 지급일부터 1개월이 경과하지 않은 미수채권은 정상 분류 기준입니다.,오답: 공식자료의 기준은 「지급일부터 1개월 미만」입니다.,오답: 공식자료의 기준은 「지급일부터 1개월 미만」입니다.,오답: 공식자료의 기준은 「지급일부터 1개월 미만」입니다.,새마을금고 감독기준 [별표 2] 자산건전성 분류기준,지급일부터 1개월 미만,D38,D03,FOCUS,
QRC2-069,RELEASE_READY_V09,SOURCE_REDESIGN_V09,건전성·경영실태평가,PRU-01,D38,기간형,2,미수채권의 ‘요주의’ 분류기간 기준은?,1개월 미만,6개월 이상,3개월 이상 6개월 미만,1개월 이상 3개월 미만,4,정답: 1개월 이상 3개월 미만,새마을금고 감독기준 [별표 2] 자산건전성 분류기준 기준: 지급일부터 1개월 이상 3개월이 경과하지 않은 미수채권은 요주의 기준입니다.,문구를 길게 외우기보다 기간·비율·금액·분류기준을 짧게 구분하세요.,오답: 공식자료의 기준은 「1개월 이상 3개월 미만」입니다.,오답: 공식자료의 기준은 「1개월 이상 3개월 미만」입니다.,오답: 공식자료의 기준은 「1개월 이상 3개월 미만」입니다.,정답: 지급일부터 1개월 이상 3개월이 경과하지 않은 미수채권은 요주의 기준입니다.,새마을금고 감독기준 [별표 2] 자산건전성 분류기준,1개월 이상 3개월 미만,D38,D03,FOCUS,
QRC2-070,RELEASE_READY_V09,SOURCE_REDESIGN_V09,건전성·경영실태평가,PRU-04,D41,비율형,3,대손충당금 필요적립률 중 ‘정상’의 최소 기준은?,10% 이상,1% 이상,20% 이상,5% 이상,2,정답: 1% 이상,새마을금고 감독기준 [별표 8] 경영건전성 비율 산정기준(제20조 관련) 기준: 정상 분류자산의 대손충당금 필요적립률은 1% 이상입니다.,문구를 길게 외우기보다 기간·비율·금액·분류기준을 짧게 구분하세요.,오답: 공식자료의 기준은 「1% 이상」입니다.,정답: 정상 분류자산의 대손충당금 필요적립률은 1% 이상입니다.,오답: 공식자료의 기준은 「1% 이상」입니다.,오답: 공식자료의 기준은 「1% 이상」입니다.,새마을금고 감독기준 [별표 8] 경영건전성 비율 산정기준(제20조 관련),1% 이상,D41,D03,FOCUS,
QRC2-071,RELEASE_READY_V09,SOURCE_REDESIGN_V09,건전성·경영실태평가,PRU-04,D41,비율형,3,대손충당금 필요적립률 중 ‘요주의’의 최소 기준은?,20% 이상,1% 이상,10% 이상,55% 이상,3,정답: 10% 이상,새마을금고 감독기준 [별표 8] 경영건전성 비율 산정기준(제20조 관련) 기준: 요주의 분류자산의 대손충당금 필요적립률은 10% 이상입니다.,문구를 길게 외우기보다 기간·비율·금액·분류기준을 짧게 구분하세요.,오답: 공식자료의 기준은 「10% 이상」입니다.,오답: 공식자료의 기준은 「10% 이상」입니다.,정답: 요주의 분류자산의 대손충당금 필요적립률은 10% 이상입니다.,오답: 공식자료의 기준은 「10% 이상」입니다.,새마을금고 감독기준 [별표 8] 경영건전성 비율 산정기준(제20조 관련),10% 이상,D41,D03,FOCUS,
QRC2-072,RELEASE_READY_V09,SOURCE_REDESIGN_V09,건전성·경영실태평가,PRU-04,D41,비율형,3,대손충당금 필요적립률 중 ‘고정’의 최소 기준은?,10% 이상,55% 이상,100%,20% 이상,4,정답: 20% 이상,새마을금고 감독기준 [별표 8] 경영건전성 비율 산정기준(제20조 관련) 기준: 고정 분류자산의 대손충당금 필요적립률은 20% 이상입니다.,문구를 길게 외우기보다 기간·비율·금액·분류기준을 짧게 구분하세요.,오답: 공식자료의 기준은 「20% 이상」입니다.,오답: 공식자료의 기준은 「20% 이상」입니다.,오답: 공식자료의 기준은 「20% 이상」입니다.,정답: 고정 분류자산의 대손충당금 필요적립률은 20% 이상입니다.,새마을금고 감독기준 [별표 8] 경영건전성 비율 산정기준(제20조 관련),20% 이상,D41,D03,FOCUS,
QRC2-073,RELEASE_READY_V09,SOURCE_REDESIGN_V09,건전성·경영실태평가,PRU-04,D41,비율형,3,대손충당금 필요적립률 중 ‘회수의문’의 최소 기준은?,55% 이상,20% 이상,100%,50% 이상,1,정답: 55% 이상,새마을금고 감독기준 [별표 8] 경영건전성 비율 산정기준(제20조 관련) 기준: 회수의문 분류자산의 대손충당금 필요적립률은 55% 이상입니다.,문구를 길게 외우기보다 기간·비율·금액·분류기준을 짧게 구분하세요.,정답: 회수의문 분류자산의 대손충당금 필요적립률은 55% 이상입니다.,오답: 공식자료의 기준은 「55% 이상」입니다.,오답: 공식자료의 기준은 「55% 이상」입니다.,오답: 공식자료의 기준은 「55% 이상」입니다.,새마을금고 감독기준 [별표 8] 경영건전성 비율 산정기준(제20조 관련),55% 이상,D41,D03,FOCUS,
QRC2-074,RELEASE_READY_V09,SOURCE_REDESIGN_V09,건전성·경영실태평가,PRU-04,D41,비율형,3,대손충당금 필요적립률 중 ‘추정손실’ 기준은?,20%,100%,80%,55%,2,정답: 100%,새마을금고 감독기준 [별표 8] 경영건전성 비율 산정기준(제20조 관련) 기준: 추정손실 분류자산의 대손충당금 필요적립률은 100%입니다.,문구를 길게 외우기보다 기간·비율·금액·분류기준을 짧게 구분하세요.,오답: 공식자료의 기준은 「100%」입니다.,정답: 추정손실 분류자산의 대손충당금 필요적립률은 100%입니다.,오답: 공식자료의 기준은 「100%」입니다.,오답: 공식자료의 기준은 「100%」입니다.,새마을금고 감독기준 [별표 8] 경영건전성 비율 산정기준(제20조 관련),100%,D41,D03,FOCUS,
QRC2-075,RELEASE_READY_V09,SOURCE_REDESIGN_V09,건전성·경영실태평가,PRU-04,D41,비율형,2,미사용약정에 적용하는 신용환산율은?,20%,50%,40%,100%,3,정답: 40%,새마을금고 감독기준 [별표 8] 경영건전성 비율 산정기준(제20조 관련) 기준: 미사용약정은 40%를 곱한 금액을 기준으로 대손충당금을 적립합니다.,문구를 길게 외우기보다 기간·비율·금액·분류기준을 짧게 구분하세요.,오답: 공식자료의 기준은 「40%」입니다.,오답: 공식자료의 기준은 「40%」입니다.,정답: 미사용약정은 40%를 곱한 금액을 기준으로 대손충당금을 적립합니다.,오답: 공식자료의 기준은 「40%」입니다.,새마을금고 감독기준 [별표 8] 경영건전성 비율 산정기준(제20조 관련),40%,D41,D03,FOCUS,
QRC2-076,RELEASE_READY_V09,SOURCE_REDESIGN_V09,건전성·경영실태평가,PRU-04,D41,계산형,3,순자본비율의 산식으로 맞는 것은?,총자산 ÷ 순자본 × 100,자기자본 ÷ 예탁금 × 100,순자본 ÷ 대출금 × 100,순자본 ÷ 총자산 × 100,4,정답: 순자본 ÷ 총자산 × 100,새마을금고 감독기준 [별표 8] 경영건전성 비율 산정기준(제20조 관련) 기준: 순자본비율은 순자본을 총자산으로 나눈 뒤 100을 곱합니다.,문구를 길게 외우기보다 기간·비율·금액·분류기준을 짧게 구분하세요.,오답: 공식자료의 기준은 「순자본 ÷ 총자산 × 100」입니다.,오답: 공식자료의 기준은 「순자본 ÷ 총자산 × 100」입니다.,오답: 공식자료의 기준은 「순자본 ÷ 총자산 × 100」입니다.,정답: 순자본비율은 순자본을 총자산으로 나눈 뒤 100을 곱합니다.,새마을금고 감독기준 [별표 8] 경영건전성 비율 산정기준(제20조 관련),순자본 ÷ 총자산 × 100,D41,D03,FOCUS,
QRC2-077,RELEASE_READY_V09,SOURCE_REDESIGN_V09,건전성·경영실태평가,PRU-04,D41,기간형,2,주택담보대출 분할상환으로 인정되는 만기 기준은?,3년 이상,2년 이상,1년 이상,5년 이상,1,정답: 3년 이상,새마을금고 감독기준 [별표 8] 경영건전성 비율 산정기준(제20조 관련) 기준: 주택담보대출 분할상환의 만기 요건은 3년 이상입니다.,문구를 길게 외우기보다 기간·비율·금액·분류기준을 짧게 구분하세요.,정답: 주택담보대출 분할상환의 만기 요건은 3년 이상입니다.,오답: 공식자료의 기준은 「3년 이상」입니다.,오답: 공식자료의 기준은 「3년 이상」입니다.,오답: 공식자료의 기준은 「3년 이상」입니다.,새마을금고 감독기준 [별표 8] 경영건전성 비율 산정기준(제20조 관련),3년 이상,D41,D03,FOCUS,
QRC2-078,RELEASE_READY_V09,SOURCE_REDESIGN_V09,건전성·경영실태평가,PRU-04,D41,비율형,2,체증식 주택담보대출의 연차별 원금상환액 최소 기준은?,50% 이상,원리금균등 방식의 70% 이상,60% 이상,80% 이상,2,정답: 원리금균등 방식의 70% 이상,새마을금고 감독기준 [별표 8] 경영건전성 비율 산정기준(제20조 관련) 기준: 체증식은 연차별 원금상환액이 원리금균등분할상환 방식의 연차별 원금상환액의 70% 이상이어야 합니다.,문구를 길게 외우기보다 기간·비율·금액·분류기준을 짧게 구분하세요.,오답: 공식자료의 기준은 「원리금균등 방식의 70% 이상」입니다.,정답: 체증식은 연차별 원금상환액이 원리금균등분할상환 방식의 연차별 원금상환액의 70% 이상이어야 합니다.,오답: 공식자료의 기준은 「원리금균등 방식의 70% 이상」입니다.,오답: 공식자료의 기준은 「원리금균등 방식의 70% 이상」입니다.,새마을금고 감독기준 [별표 8] 경영건전성 비율 산정기준(제20조 관련),원리금균등 방식의 70% 이상,D41,D03,FOCUS,
QRC2-079,RELEASE_READY_V09,SOURCE_REDESIGN_V09,건전성·경영실태평가,PRU-04,D41,비율형,3,재무상태표 자산의 기본 위험가중치 체계에 포함되는 조합은?,0·25·50·75·100%,10·30·50·70·90%,0·10·20·50·100%,0·20·40·60·100%,3,정답: 0·10·20·50·100%,"새마을금고 감독기준 [별첨 1] 재무상태표 자산의 위험가중치 기준: 자산별 위험가중치는 0%, 10%, 20%, 50%, 100% 구간으로 구분합니다.",문구를 길게 외우기보다 기간·비율·금액·분류기준을 짧게 구분하세요.,오답: 공식자료의 기준은 「0·10·20·50·100%」입니다.,오답: 공식자료의 기준은 「0·10·20·50·100%」입니다.,"정답: 자산별 위험가중치는 0%, 10%, 20%, 50%, 100% 구간으로 구분합니다.",오답: 공식자료의 기준은 「0·10·20·50·100%」입니다.,새마을금고 감독기준 [별첨 1] 재무상태표 자산의 위험가중치,0·10·20·50·100%,D41,D03,FOCUS,
QRC2-080,RELEASE_READY_V09,SOURCE_REDESIGN_V09,건전성·경영실태평가,PRU-04,D41,비율형,3,정상·요주의 주거용주택 전액담보대출의 위험가중치는?,20%,100%,50%,70%,3,정답: 50%,새마을금고 감독기준 [별첨 1] 재무상태표 자산의 위험가중치 기준: 정상 및 요주의 분류의 주거용주택 전액담보대출은 50% 위험가중치 대상입니다.,문구를 길게 외우기보다 기간·비율·금액·분류기준을 짧게 구분하세요.,오답: 공식자료의 기준은 「50%」입니다.,오답: 공식자료의 기준은 「50%」입니다.,정답: 정상 및 요주의 분류의 주거용주택 전액담보대출은 50% 위험가중치 대상입니다.,오답: 공식자료의 기준은 「50%」입니다.,새마을금고 감독기준 [별첨 1] 재무상태표 자산의 위험가중치,50%,D41,D03,FOCUS,
QRC2-081,RELEASE_READY_V09,SOURCE_REDESIGN_V09,건전성·경영실태평가,PRU-04,D41,비율형,2,집합투자증권의 기초자산이 불명확한 경우 적용되는 최저 위험가중치는?,50%,20%,100%,10%,2,정답: 20%,새마을금고 감독기준 [별첨 1] 재무상태표 자산의 위험가중치 기준: 기초자산이 불명확한 집합투자증권은 정한 방식에 따라 산정하되 최저 위험가중치는 20%입니다.,문구를 길게 외우기보다 기간·비율·금액·분류기준을 짧게 구분하세요.,오답: 공식자료의 기준은 「20%」입니다.,정답: 기초자산이 불명확한 집합투자증권은 정한 방식에 따라 산정하되 최저 위험가중치는 20%입니다.,오답: 공식자료의 기준은 「20%」입니다.,오답: 공식자료의 기준은 「20%」입니다.,새마을금고 감독기준 [별첨 1] 재무상태표 자산의 위험가중치,20%,D41,D04,FOCUS,
QRC2-082,RELEASE_READY_V09,SOURCE_REDESIGN_V09,건전성·경영실태평가,PRU-05,D42,등급형,3,경영실태평가 1등급의 평점범위는?,1.0~1.4,2.5~3.4,3.5~4.4,1.5~2.4,1,정답: 1.0~1.4,새마을금고 감독기준 [별표 4] 경영실태평가 등급산정 방법 기준: 경영실태평가 1등급의 평점범위는 1.0~1.4입니다.,문구를 길게 외우기보다 기간·비율·금액·분류기준을 짧게 구분하세요.,정답: 경영실태평가 1등급의 평점범위는 1.0~1.4입니다.,오답: 공식자료의 기준은 「1.0~1.4」입니다.,오답: 공식자료의 기준은 「1.0~1.4」입니다.,오답: 공식자료의 기준은 「1.0~1.4」입니다.,새마을금고 감독기준 [별표 4] 경영실태평가 등급산정 방법,1.0~1.4,D42,D04,FOCUS,
QRC2-083,RELEASE_READY_V09,SOURCE_REDESIGN_V09,건전성·경영실태평가,PRU-05,D42,등급형,3,경영실태평가 2등급의 평점범위는?,1.0~1.4,3.5~4.4,2.5~3.4,1.5~2.4,4,정답: 1.5~2.4,새마을금고 감독기준 [별표 4] 경영실태평가 등급산정 방법 기준: 경영실태평가 2등급의 평점범위는 1.5~2.4입니다.,문구를 길게 외우기보다 기간·비율·금액·분류기준을 짧게 구분하세요.,오답: 공식자료의 기준은 「1.5~2.4」입니다.,오답: 공식자료의 기준은 「1.5~2.4」입니다.,오답: 공식자료의 기준은 「1.5~2.4」입니다.,정답: 경영실태평가 2등급의 평점범위는 1.5~2.4입니다.,새마을금고 감독기준 [별표 4] 경영실태평가 등급산정 방법,1.5~2.4,D42,D04,FOCUS,
QRC2-084,RELEASE_READY_V09,SOURCE_REDESIGN_V09,건전성·경영실태평가,PRU-05,D42,등급형,3,경영실태평가 3등급의 평점범위는?,3.5~4.4,1.5~2.4,2.5~3.4,4.5~5.0,3,정답: 2.5~3.4,새마을금고 감독기준 [별표 4] 경영실태평가 등급산정 방법 기준: 경영실태평가 3등급의 평점범위는 2.5~3.4입니다.,문구를 길게 외우기보다 기간·비율·금액·분류기준을 짧게 구분하세요.,오답: 공식자료의 기준은 「2.5~3.4」입니다.,오답: 공식자료의 기준은 「2.5~3.4」입니다.,정답: 경영실태평가 3등급의 평점범위는 2.5~3.4입니다.,오답: 공식자료의 기준은 「2.5~3.4」입니다.,새마을금고 감독기준 [별표 4] 경영실태평가 등급산정 방법,2.5~3.4,D42,D04,FOCUS,
QRC2-085,RELEASE_READY_V09,SOURCE_REDESIGN_V09,건전성·경영실태평가,PRU-05,D42,등급형,3,경영실태평가 4등급의 평점범위는?,1.5~2.4,3.5~4.4,2.5~3.4,4.5~5.0,2,정답: 3.5~4.4,새마을금고 감독기준 [별표 4] 경영실태평가 등급산정 방법 기준: 경영실태평가 4등급의 평점범위는 3.5~4.4입니다.,문구를 길게 외우기보다 기간·비율·금액·분류기준을 짧게 구분하세요.,오답: 공식자료의 기준은 「3.5~4.4」입니다.,정답: 경영실태평가 4등급의 평점범위는 3.5~4.4입니다.,오답: 공식자료의 기준은 「3.5~4.4」입니다.,오답: 공식자료의 기준은 「3.5~4.4」입니다.,새마을금고 감독기준 [별표 4] 경영실태평가 등급산정 방법,3.5~4.4,D42,D04,FOCUS,
QRC2-086,RELEASE_READY_V09,SOURCE_REDESIGN_V09,건전성·경영실태평가,PRU-05,D42,등급형,3,경영실태평가 5등급의 평점범위는?,4.5~5.0,3.5~4.4,2.5~3.4,3.0~4.0,1,정답: 4.5~5.0,새마을금고 감독기준 [별표 4] 경영실태평가 등급산정 방법 기준: 경영실태평가 5등급의 평점범위는 4.5~5.0입니다.,문구를 길게 외우기보다 기간·비율·금액·분류기준을 짧게 구분하세요.,정답: 경영실태평가 5등급의 평점범위는 4.5~5.0입니다.,오답: 공식자료의 기준은 「4.5~5.0」입니다.,오답: 공식자료의 기준은 「4.5~5.0」입니다.,오답: 공식자료의 기준은 「4.5~5.0」입니다.,새마을금고 감독기준 [별표 4] 경영실태평가 등급산정 방법,4.5~5.0,D42,D04,FOCUS,
QRC2-087,RELEASE_READY_V09,SOURCE_REDESIGN_V09,건전성·경영실태평가,PRU-02,D39,비율형,2,예·적금 담보의 회수예상가액 기준은 불입액의?,50%,70%,90%,100%,4,정답: 100%,새마을금고 감독기준 [별표 6] 담보종류별 회수예상가액 산정기준 기준: 예·적금 담보의 회수예상가액은 불입액의 100%입니다.,문구를 길게 외우기보다 기간·비율·금액·분류기준을 짧게 구분하세요.,오답: 공식자료의 기준은 「100%」입니다.,오답: 공식자료의 기준은 「100%」입니다.,오답: 공식자료의 기준은 「100%」입니다.,정답: 예·적금 담보의 회수예상가액은 불입액의 100%입니다.,새마을금고 감독기준 [별표 6] 담보종류별 회수예상가액 산정기준,100%,D39,D03,QUICK,
QRC2-088,RELEASE_READY_V09,SOURCE_REDESIGN_V09,건전성·경영실태평가,PRU-02,D39,비율형,2,아파트 담보의 회수예상가액 기준은 시가의?,80%,100%,70%,50%,3,정답: 70%,새마을금고 감독기준 [별표 6] 담보종류별 회수예상가액 산정기준 기준: 아파트 담보의 회수예상가액 기준은 시가의 70%입니다.,문구를 길게 외우기보다 기간·비율·금액·분류기준을 짧게 구분하세요.,오답: 공식자료의 기준은 「70%」입니다.,오답: 공식자료의 기준은 「70%」입니다.,정답: 아파트 담보의 회수예상가액 기준은 시가의 70%입니다.,오답: 공식자료의 기준은 「70%」입니다.,새마을금고 감독기준 [별표 6] 담보종류별 회수예상가액 산정기준,70%,D39,D03,QUICK,
QRC2-089,RELEASE_READY_V09,SOURCE_REDESIGN_V09,건전성·경영실태평가,PRU-02,D39,비율형,2,대용가격은 없고 시가가 있는 비상장주식의 평가기준은 시가의?,100%,50%,30%,70%,2,정답: 50%,새마을금고 감독기준 [별표 6] 담보종류별 회수예상가액 산정기준 기준: 대용가격은 없고 시가가 있는 비상장주식은 시가의 50%를 적용합니다.,문구를 길게 외우기보다 기간·비율·금액·분류기준을 짧게 구분하세요.,오답: 공식자료의 기준은 「50%」입니다.,정답: 대용가격은 없고 시가가 있는 비상장주식은 시가의 50%를 적용합니다.,오답: 공식자료의 기준은 「50%」입니다.,오답: 공식자료의 기준은 「50%」입니다.,새마을금고 감독기준 [별표 6] 담보종류별 회수예상가액 산정기준,50%,D39,D03,FOCUS,
QRC2-090,RELEASE_READY_V09,SOURCE_REDESIGN_V09,건전성·경영실태평가,PRU-02,D39,비율형,2,금융기관 보증부·담보부 비상장채권의 적용비율은 할인가액의?,100%,70%,50%,90%,4,정답: 90%,새마을금고 감독기준 [별표 6] 담보종류별 회수예상가액 산정기준 기준: 금융기관 보증부·담보부 비상장채권은 3년 만기 회사채수익률 할인가액의 90%를 적용합니다.,문구를 길게 외우기보다 기간·비율·금액·분류기준을 짧게 구분하세요.,오답: 공식자료의 기준은 「90%」입니다.,오답: 공식자료의 기준은 「90%」입니다.,오답: 공식자료의 기준은 「90%」입니다.,정답: 금융기관 보증부·담보부 비상장채권은 3년 만기 회사채수익률 할인가액의 90%를 적용합니다.,새마을금고 감독기준 [별표 6] 담보종류별 회수예상가액 산정기준,90%,D39,D03,FOCUS,
QRC2-091,RELEASE_READY_V09,SOURCE_REDESIGN_V09,건전성·경영실태평가,PRU-02,D39,비율형,2,기타 비상장채권의 적용비율은 할인가액의?,70%,50%,100%,90%,1,정답: 70%,새마을금고 감독기준 [별표 6] 담보종류별 회수예상가액 산정기준 기준: 기타 비상장채권은 3년 만기 회사채수익률 할인가액의 70%를 적용합니다.,문구를 길게 외우기보다 기간·비율·금액·분류기준을 짧게 구분하세요.,정답: 기타 비상장채권은 3년 만기 회사채수익률 할인가액의 70%를 적용합니다.,오답: 공식자료의 기준은 「70%」입니다.,오답: 공식자료의 기준은 「70%」입니다.,오답: 공식자료의 기준은 「70%」입니다.,새마을금고 감독기준 [별표 6] 담보종류별 회수예상가액 산정기준,70%,D39,D03,FOCUS,
QRC2-092,RELEASE_READY_V09,SOURCE_REDESIGN_V09,감독·검사·제재·공시,SUP-02,D32,금액형,2,구속행위 관련 과태료 기준금액 중 금고의 기준은?,1백만원,2천만원,1천만원,3천만원,2,정답: 2천만원,새마을금고 감독기준 [별표 10] 과태료 부과기준(제9조제8항 관련) 기준: 금고에 대한 과태료 기준금액은 2천만원입니다.,문구를 길게 외우기보다 기간·비율·금액·분류기준을 짧게 구분하세요.,오답: 공식자료의 기준은 「2천만원」입니다.,정답: 금고에 대한 과태료 기준금액은 2천만원입니다.,오답: 공식자료의 기준은 「2천만원」입니다.,오답: 공식자료의 기준은 「2천만원」입니다.,새마을금고 감독기준 [별표 10] 과태료 부과기준(제9조제8항 관련),2천만원,D32,D04,QUICK,
QRC2-093,RELEASE_READY_V09,SOURCE_REDESIGN_V09,감독·검사·제재·공시,SUP-02,D32,금액형,2,구속행위 관련 과태료 기준금액 중 임직원의 기준은?,50만원,1천만원,1백만원,5백만원,3,정답: 1백만원,새마을금고 감독기준 [별표 10] 과태료 부과기준(제9조제8항 관련) 기준: 임직원에 대한 과태료 기준금액은 1백만원입니다.,문구를 길게 외우기보다 기간·비율·금액·분류기준을 짧게 구분하세요.,오답: 공식자료의 기준은 「1백만원」입니다.,오답: 공식자료의 기준은 「1백만원」입니다.,정답: 임직원에 대한 과태료 기준금액은 1백만원입니다.,오답: 공식자료의 기준은 「1백만원」입니다.,새마을금고 감독기준 [별표 10] 과태료 부과기준(제9조제8항 관련),1백만원,D32,D04,QUICK,
QRC2-094,RELEASE_READY_V09,SOURCE_REDESIGN_V09,감독·검사·제재·공시,SUP-02,D32,비율형,2,구속비율 10% 이상일 때 기준금액 적용비율은?,고의 10%·과실 5%,고의 25%·과실 12.5%,고의 50%·과실 25%,고의 100%·과실 50%,4,정답: 고의 100%·과실 50%,"새마을금고 감독기준 [별표 10] 과태료 부과기준(제9조제8항 관련) 기준: 구속비율 10% 이상이면 고의 100%, 과실 50%의 기준금액을 적용합니다.",문구를 길게 외우기보다 기간·비율·금액·분류기준을 짧게 구분하세요.,오답: 공식자료의 기준은 「고의 100%·과실 50%」입니다.,오답: 공식자료의 기준은 「고의 100%·과실 50%」입니다.,오답: 공식자료의 기준은 「고의 100%·과실 50%」입니다.,"정답: 구속비율 10% 이상이면 고의 100%, 과실 50%의 기준금액을 적용합니다.",새마을금고 감독기준 [별표 10] 과태료 부과기준(제9조제8항 관련),고의 100%·과실 50%,D32,D04,FOCUS,
QRC2-095,RELEASE_READY_V09,SOURCE_REDESIGN_V09,감독·검사·제재·공시,SUP-02,D32,비율형,2,구속비율 5% 이상 10% 미만일 때 적용비율은?,고의 50%·과실 25%,고의 25%·과실 12.5%,고의 10%·과실 5%,고의 100%·과실 50%,1,정답: 고의 50%·과실 25%,"새마을금고 감독기준 [별표 10] 과태료 부과기준(제9조제8항 관련) 기준: 구속비율 5% 이상 10% 미만이면 고의 50%, 과실 25%를 적용합니다.",문구를 길게 외우기보다 기간·비율·금액·분류기준을 짧게 구분하세요.,"정답: 구속비율 5% 이상 10% 미만이면 고의 50%, 과실 25%를 적용합니다.",오답: 공식자료의 기준은 「고의 50%·과실 25%」입니다.,오답: 공식자료의 기준은 「고의 50%·과실 25%」입니다.,오답: 공식자료의 기준은 「고의 50%·과실 25%」입니다.,새마을금고 감독기준 [별표 10] 과태료 부과기준(제9조제8항 관련),고의 50%·과실 25%,D32,D04,FOCUS,
QRC2-096,RELEASE_READY_V09,SOURCE_REDESIGN_V09,감독·검사·제재·공시,SUP-02,D32,비율형,2,구속비율 2% 이상 5% 미만일 때 적용비율은?,고의 10%·과실 5%,고의 25%·과실 12.5%,고의 50%·과실 25%,고의 100%·과실 50%,2,정답: 고의 25%·과실 12.5%,"새마을금고 감독기준 [별표 10] 과태료 부과기준(제9조제8항 관련) 기준: 구속비율 2% 이상 5% 미만이면 고의 25%, 과실 12.5%를 적용합니다.",문구를 길게 외우기보다 기간·비율·금액·분류기준을 짧게 구분하세요.,오답: 공식자료의 기준은 「고의 25%·과실 12.5%」입니다.,"정답: 구속비율 2% 이상 5% 미만이면 고의 25%, 과실 12.5%를 적용합니다.",오답: 공식자료의 기준은 「고의 25%·과실 12.5%」입니다.,오답: 공식자료의 기준은 「고의 25%·과실 12.5%」입니다.,새마을금고 감독기준 [별표 10] 과태료 부과기준(제9조제8항 관련),고의 25%·과실 12.5%,D32,D04,FOCUS,
QRC2-097,RELEASE_READY_V09,SOURCE_REDESIGN_V09,감독·검사·제재·공시,SUP-02,D32,비율형,2,구속비율 2% 미만일 때 적용비율은?,고의 25%·과실 12.5%,고의 50%·과실 25%,고의 10%·과실 5%,고의 100%·과실 50%,3,정답: 고의 10%·과실 5%,"새마을금고 감독기준 [별표 10] 과태료 부과기준(제9조제8항 관련) 기준: 구속비율 2% 미만이면 고의 10%, 과실 5%를 적용합니다.",문구를 길게 외우기보다 기간·비율·금액·분류기준을 짧게 구분하세요.,오답: 공식자료의 기준은 「고의 10%·과실 5%」입니다.,오답: 공식자료의 기준은 「고의 10%·과실 5%」입니다.,"정답: 구속비율 2% 미만이면 고의 10%, 과실 5%를 적용합니다.",오답: 공식자료의 기준은 「고의 10%·과실 5%」입니다.,새마을금고 감독기준 [별표 10] 과태료 부과기준(제9조제8항 관련),고의 10%·과실 5%,D32,D04,FOCUS,
QRC2-098,RELEASE_READY_V09,SOURCE_REDESIGN_V09,건전성·경영실태평가,PRU-07,D46,기간형,3,프리워크아웃 채권을 정상으로 상향할 수 있는 정상상환 기간은?,1년 이상,2년 이상,3개월 이상,6개월 이상,4,정답: 6개월 이상,새마을금고 감독기준 시행세칙 [별표 9] 채무조정 채권의 자산건전성 분류 조정 기준 기준: 프리워크아웃 채권은 6개월 이상 정상상환한 경우 정상으로 분류변경할 수 있습니다.,문구를 길게 외우기보다 기간·비율·금액·분류기준을 짧게 구분하세요.,오답: 공식자료의 기준은 「6개월 이상」입니다.,오답: 공식자료의 기준은 「6개월 이상」입니다.,오답: 공식자료의 기준은 「6개월 이상」입니다.,정답: 프리워크아웃 채권은 6개월 이상 정상상환한 경우 정상으로 분류변경할 수 있습니다.,새마을금고 감독기준 시행세칙 [별표 9] 채무조정 채권의 자산건전성 분류 조정 기준,6개월 이상,D46,D04,QUICK,
QRC2-099,RELEASE_READY_V09,SOURCE_REDESIGN_V09,건전성·경영실태평가,PRU-07,D46,기간형,3,자체 채무조정 채권을 요주의에서 정상으로 상향할 수 있는 상환기간은?,1년,6개월,2년,4년,1,정답: 1년,새마을금고 감독기준 시행세칙 [별표 9] 채무조정 채권의 자산건전성 분류 조정 기준 기준: 자체 채무조정 채권은 1년간 변제계획대로 상환하면 정상으로 분류변경할 수 있습니다.,문구를 길게 외우기보다 기간·비율·금액·분류기준을 짧게 구분하세요.,정답: 자체 채무조정 채권은 1년간 변제계획대로 상환하면 정상으로 분류변경할 수 있습니다.,오답: 공식자료의 기준은 「1년」입니다.,오답: 공식자료의 기준은 「1년」입니다.,오답: 공식자료의 기준은 「1년」입니다.,새마을금고 감독기준 시행세칙 [별표 9] 채무조정 채권의 자산건전성 분류 조정 기준,1년,D46,D04,FOCUS,
QRC2-100,RELEASE_READY_V09,SOURCE_REDESIGN_V09,건전성·경영실태평가,PRU-07,D46,기간형,3,고정 이하 채무조정 채권을 고정으로 상향하는 기준은?,1/2 이상 또는 2년 이상,상환기간 1/4 이상 또는 2년 이상,1/3 이상 또는 1년 이상,1/3 이상 또는 4년 이상,2,정답: 상환기간 1/4 이상 또는 2년 이상,새마을금고 감독기준 시행세칙 [별표 9] 채무조정 채권의 자산건전성 분류 조정 기준 기준: 전체 상환기간의 1/4 이상 또는 2년 이상 상환하면 고정으로 분류변경할 수 있습니다.,문구를 길게 외우기보다 기간·비율·금액·분류기준을 짧게 구분하세요.,오답: 공식자료의 기준은 「상환기간 1/4 이상 또는 2년 이상」입니다.,정답: 전체 상환기간의 1/4 이상 또는 2년 이상 상환하면 고정으로 분류변경할 수 있습니다.,오답: 공식자료의 기준은 「상환기간 1/4 이상 또는 2년 이상」입니다.,오답: 공식자료의 기준은 「상환기간 1/4 이상 또는 2년 이상」입니다.,새마을금고 감독기준 시행세칙 [별표 9] 채무조정 채권의 자산건전성 분류 조정 기준,상환기간 1/4 이상 또는 2년 이상,D46,D04,FOCUS,
QRC2-101,RELEASE_READY_V09,SOURCE_REDESIGN_V09,건전성·경영실태평가,PRU-07,D46,기간형,3,고정 이하 채무조정 채권을 요주의로 상향하는 기준은?,1/2 이상 또는 5년 이상,1/4 이상 또는 2년 이상,상환기간 1/3 이상 또는 4년 이상,1/2 이상 또는 2년 이상,3,정답: 상환기간 1/3 이상 또는 4년 이상,새마을금고 감독기준 시행세칙 [별표 9] 채무조정 채권의 자산건전성 분류 조정 기준 기준: 전체 상환기간의 1/3 이상 또는 4년 이상 상환하면 요주의로 분류변경할 수 있습니다.,문구를 길게 외우기보다 기간·비율·금액·분류기준을 짧게 구분하세요.,오답: 공식자료의 기준은 「상환기간 1/3 이상 또는 4년 이상」입니다.,오답: 공식자료의 기준은 「상환기간 1/3 이상 또는 4년 이상」입니다.,정답: 전체 상환기간의 1/3 이상 또는 4년 이상 상환하면 요주의로 분류변경할 수 있습니다.,오답: 공식자료의 기준은 「상환기간 1/3 이상 또는 4년 이상」입니다.,새마을금고 감독기준 시행세칙 [별표 9] 채무조정 채권의 자산건전성 분류 조정 기준,상환기간 1/3 이상 또는 4년 이상,D46,D04,FOCUS,
QRC2-102,RELEASE_READY_V09,SOURCE_REDESIGN_V09,건전성·경영실태평가,PRU-07,D46,기간형,3,요주의로 상향된 채무조정 채권을 정상으로 올리기 위한 추가 상환기간은?,6개월 이상,3년 이상,2년 이상,1년 이상,4,정답: 1년 이상,새마을금고 감독기준 시행세칙 [별표 9] 채무조정 채권의 자산건전성 분류 조정 기준 기준: 요주의로 분류변경한 후 1년 이상 상환하면 정상으로 분류변경할 수 있습니다.,문구를 길게 외우기보다 기간·비율·금액·분류기준을 짧게 구분하세요.,오답: 공식자료의 기준은 「1년 이상」입니다.,오답: 공식자료의 기준은 「1년 이상」입니다.,오답: 공식자료의 기준은 「1년 이상」입니다.,정답: 요주의로 분류변경한 후 1년 이상 상환하면 정상으로 분류변경할 수 있습니다.,새마을금고 감독기준 시행세칙 [별표 9] 채무조정 채권의 자산건전성 분류 조정 기준,1년 이상,D46,D04,FOCUS,
QRC2-103,RELEASE_READY_V09,SOURCE_REDESIGN_V09,건전성·경영실태평가,PRU-07,D46,비율형,2,재연체 시 기존 연체기간을 가산하지 않을 수 있는 정상상환 기준은?,총상환기간의 1/2 이상,1/4 이상,1/3 이상,2/3 이상,1,정답: 총상환기간의 1/2 이상,새마을금고 감독기준 시행세칙 [별표 9] 채무조정 채권의 자산건전성 분류 조정 기준 기준: 정상 분류 후 총상환기간의 1/2 이상 정상상환한 경우에는 기존 연체기간을 가산하지 않을 수 있습니다.,문구를 길게 외우기보다 기간·비율·금액·분류기준을 짧게 구분하세요.,정답: 정상 분류 후 총상환기간의 1/2 이상 정상상환한 경우에는 기존 연체기간을 가산하지 않을 수 있습니다.,오답: 공식자료의 기준은 「총상환기간의 1/2 이상」입니다.,오답: 공식자료의 기준은 「총상환기간의 1/2 이상」입니다.,오답: 공식자료의 기준은 「총상환기간의 1/2 이상」입니다.,새마을금고 감독기준 시행세칙 [별표 9] 채무조정 채권의 자산건전성 분류 조정 기준,총상환기간의 1/2 이상,D46,D04,QUICK,
QRC2-104,RELEASE_READY_V09,SOURCE_REDESIGN_V09,여유자금·유가증권·리스크,INV-05,D51,기준형,2,유가증권 손절매 기준은 무엇의 하락비율을 기준으로 심의하는가?,액면금액 대비 배당금,취득금액 대비 평가금액,예탁금 대비 출자금,자기자본 대비 대출금,2,정답: 취득금액 대비 평가금액,새마을금고 감독기준 시행세칙 [별지 11] 유가증권 손절매 기준 (변경)심의 의결서 기준: 손절매 기준은 평가금액이 취득금액 대비 하락한 비율을 기준으로 심의합니다.,문구를 길게 외우기보다 기간·비율·금액·분류기준을 짧게 구분하세요.,오답: 공식자료의 기준은 「취득금액 대비 평가금액」입니다.,정답: 손절매 기준은 평가금액이 취득금액 대비 하락한 비율을 기준으로 심의합니다.,오답: 공식자료의 기준은 「취득금액 대비 평가금액」입니다.,오답: 공식자료의 기준은 「취득금액 대비 평가금액」입니다.,새마을금고 감독기준 시행세칙 [별지 11] 유가증권 손절매 기준 (변경)심의 의결서,취득금액 대비 평가금액,D51,D02,FOCUS,
QRC2-105,RELEASE_READY_V09,SOURCE_REDESIGN_V09,여유자금·유가증권·리스크,INV-05,D51,주기형,2,손절매 매도유보 후 재검토 주기는?,매 1개월,매 3개월,매 6개월,매 12개월,3,정답: 매 6개월,새마을금고 감독기준 시행세칙 [별지 12] 손절매 대상 유가증권 매도유보 심의 의결서 기준: 손절매 매도유보 결의 후 매 6개월마다 손절매 여부를 재검토합니다.,문구를 길게 외우기보다 기간·비율·금액·분류기준을 짧게 구분하세요.,오답: 공식자료의 기준은 「매 6개월」입니다.,오답: 공식자료의 기준은 「매 6개월」입니다.,정답: 손절매 매도유보 결의 후 매 6개월마다 손절매 여부를 재검토합니다.,오답: 공식자료의 기준은 「매 6개월」입니다.,새마을금고 감독기준 시행세칙 [별지 12] 손절매 대상 유가증권 매도유보 심의 의결서,매 6개월,D51,D02,QUICK,
QRC2-106,RELEASE_READY_V09,SOURCE_REDESIGN_V09,건전성·경영실태평가,PRU-06,D44,비율형,2,적기시정조치 시 업무추진비 집행 제한 범위는 편성예산의?,70~90% 이내,20~40% 이내,100% 이내,50~70% 이내,4,정답: 50~70% 이내,"새마을금고 감독기준 시행세칙 [별표 10] 적기시정조치(요구,명령)시 포함시켜야할 이행사항 기준: 업무추진비는 편성예산의 50%~70% 이내로 집행을 제한합니다.",문구를 길게 외우기보다 기간·비율·금액·분류기준을 짧게 구분하세요.,오답: 공식자료의 기준은 「50~70% 이내」입니다.,오답: 공식자료의 기준은 「50~70% 이내」입니다.,오답: 공식자료의 기준은 「50~70% 이내」입니다.,정답: 업무추진비는 편성예산의 50%~70% 이내로 집행을 제한합니다.,"새마을금고 감독기준 시행세칙 [별표 10] 적기시정조치(요구,명령)시 포함시켜야할 이행사항",50~70% 이내,D44,D04,QUICK,
QRC2-107,RELEASE_READY_V09,SOURCE_REDESIGN_V09,여유자금·유가증권·리스크,INV-02,D48,주체형,2,여유자금 운용한도를 기본적으로 심의·의결하는 기구는?,금고 리스크관리위원회,대의원회,선거관리위원회,감사위원회,1,정답: 금고 리스크관리위원회,"새마을금고 감독기준 시행세칙 [별지 13] 여유자금 운용 한도 심의 의결서 기준: 금고 리스크관리위원회가 여유자금의 주요 운용한도를 의결하며, 위원회가 없는 금고는 이사회가 의결합니다.",문구를 길게 외우기보다 기간·비율·금액·분류기준을 짧게 구분하세요.,"정답: 금고 리스크관리위원회가 여유자금의 주요 운용한도를 의결하며, 위원회가 없는 금고는 이사회가 의결합니다.",오답: 공식자료의 기준은 「금고 리스크관리위원회」입니다.,오답: 공식자료의 기준은 「금고 리스크관리위원회」입니다.,오답: 공식자료의 기준은 「금고 리스크관리위원회」입니다.,새마을금고 감독기준 시행세칙 [별지 13] 여유자금 운용 한도 심의 의결서,금고 리스크관리위원회,D48,D02,QUICK,
QRC2-108,RELEASE_READY_V09,SOURCE_REDESIGN_V09,회계·재무·결산,ACC-06,D62,개념형,3,유형자산의 내용연수를 늘리거나 가치를 현실적으로 증가시키는 지출은?,감가상각,자본적 지출,수익적 지출,대손상각,2,정답: 자본적 지출,회계규정 제21조 (자본적지출과 수익적지출의 구분) 기준: 내용연수 연장 또는 가치 증가 지출은 자본적 지출로 취득원가에 가산합니다.,조문 번호 자체보다 기간·비율·금액·주체·핵심용어를 구분하세요.,오답: 공식자료의 기준은 「자본적 지출」입니다.,정답: 내용연수 연장 또는 가치 증가 지출은 자본적 지출로 취득원가에 가산합니다.,오답: 공식자료의 기준은 「자본적 지출」입니다.,오답: 공식자료의 기준은 「자본적 지출」입니다.,회계규정 제21조 (자본적지출과 수익적지출의 구분),자본적 지출,D62,D05,QUICK,
QRC2-109,RELEASE_READY_V09,SOURCE_REDESIGN_V09,회계·재무·결산,ACC-07,D64,기간형,3,가지급금은 원칙적으로 몇 개월 이상 보유할 수 없는가?,5개월,1개월,3개월,6개월,3,정답: 3개월,회계규정 제27조 (가지급금의 정리) 기준: 가지급금은 조속히 정당과목으로 처리하며 원칙적으로 3개월 이상 보유할 수 없습니다.,조문 번호 자체보다 기간·비율·금액·주체·핵심용어를 구분하세요.,오답: 공식자료의 기준은 「3개월」입니다.,오답: 공식자료의 기준은 「3개월」입니다.,정답: 가지급금은 조속히 정당과목으로 처리하며 원칙적으로 3개월 이상 보유할 수 없습니다.,오답: 공식자료의 기준은 「3개월」입니다.,회계규정 제27조 (가지급금의 정리),3개월,D64,D05,FOCUS,
QRC2-110,RELEASE_READY_V09,SOURCE_REDESIGN_V09,회계·재무·결산,ACC-04,D59,개념형,3,단기매매증권이나 만기보유증권으로 분류되지 않는 유가증권은?,매도가능증권,지분법적용투자주식,단기매매증권,만기보유증권,1,정답: 매도가능증권,회계업무방법 제26조 (매도가능증권의 범위) 기준: 매도가능증권은 단기매매증권이나 만기보유증권으로 분류되지 않는 유가증권입니다.,조문 번호 자체보다 기간·비율·금액·주체·핵심용어를 구분하세요.,정답: 매도가능증권은 단기매매증권이나 만기보유증권으로 분류되지 않는 유가증권입니다.,오답: 공식자료의 기준은 「매도가능증권」입니다.,오답: 공식자료의 기준은 「매도가능증권」입니다.,오답: 공식자료의 기준은 「매도가능증권」입니다.,회계업무방법 제26조 (매도가능증권의 범위),매도가능증권,D59,D05,FOCUS,
QRC2-111,RELEASE_READY_V09,SOURCE_REDESIGN_V09,회계·재무·결산,ACC-04,D59,기간형,3,만기보유증권 분류제한을 판단할 때 함께 보는 직전 회계연도 수는?,1개 회계연도,3개 회계연도,5개 회계연도,2개 회계연도,4,정답: 2개 회계연도,회계업무방법 제28조 (만기보유증권 분류제한) 기준: 당 회계연도와 직전 2개 회계연도의 조기매도·중도상환·분류변경 사실을 봅니다.,조문 번호 자체보다 기간·비율·금액·주체·핵심용어를 구분하세요.,오답: 공식자료의 기준은 「2개 회계연도」입니다.,오답: 공식자료의 기준은 「2개 회계연도」입니다.,오답: 공식자료의 기준은 「2개 회계연도」입니다.,정답: 당 회계연도와 직전 2개 회계연도의 조기매도·중도상환·분류변경 사실을 봅니다.,회계업무방법 제28조 (만기보유증권 분류제한),2개 회계연도,D59,D05,QUICK,
QRC2-112,RELEASE_READY_V09,SOURCE_REDESIGN_V09,회계·재무·결산,ACC-04,D59,개념형,3,회수가능가액이 장부기준금액보다 작을 때 검토하는 회계처리는?,평가이익,감가상각비,손상차손,배당금,3,정답: 손상차손,회계업무방법 제37조 (유가증권의 손상차손) 기준: 회수가능가액이 관련 장부기준금액보다 작으면 손상차손 인식을 고려합니다.,조문 번호 자체보다 기간·비율·금액·주체·핵심용어를 구분하세요.,오답: 공식자료의 기준은 「손상차손」입니다.,오답: 공식자료의 기준은 「손상차손」입니다.,정답: 회수가능가액이 관련 장부기준금액보다 작으면 손상차손 인식을 고려합니다.,오답: 공식자료의 기준은 「손상차손」입니다.,회계업무방법 제37조 (유가증권의 손상차손),손상차손,D59,D05,FOCUS,
QRC2-113,RELEASE_READY_V09,SOURCE_REDESIGN_V09,회계·재무·결산,ACC-04,D59,비율형,3,지분법에서 유의적인 영향력을 행사할 수 있다고 보는 지분율 기준은?,50% 이상,20% 이상,30% 이상,10% 이상,2,정답: 20% 이상,회계업무방법 제38조 (지분법적용투자주식) 기준: 명백한 반증이 없는 한 지분율 20% 이상이면 유의적인 영향력을 행사할 수 있다고 봅니다.,조문 번호 자체보다 기간·비율·금액·주체·핵심용어를 구분하세요.,오답: 공식자료의 기준은 「20% 이상」입니다.,정답: 명백한 반증이 없는 한 지분율 20% 이상이면 유의적인 영향력을 행사할 수 있다고 봅니다.,오답: 공식자료의 기준은 「20% 이상」입니다.,오답: 공식자료의 기준은 「20% 이상」입니다.,회계업무방법 제38조 (지분법적용투자주식),20% 이상,D59,D05,FOCUS,
QRC2-114,RELEASE_READY_V09,SOURCE_REDESIGN_V09,회계·재무·결산,ACC-06,D62,개념형,3,감가상각에서 내용연수 동안 체계적으로 배분하는 금액은?,감가상각대상금액,배당가능이익,취득세액,대손충당금,1,정답: 감가상각대상금액,회계업무방법 제51조 (감가상각) 기준: 감가상각은 감가상각대상금액을 내용연수 동안 각 회계기간에 체계적으로 배분하는 것입니다.,조문 번호 자체보다 기간·비율·금액·주체·핵심용어를 구분하세요.,정답: 감가상각은 감가상각대상금액을 내용연수 동안 각 회계기간에 체계적으로 배분하는 것입니다.,오답: 공식자료의 기준은 「감가상각대상금액」입니다.,오답: 공식자료의 기준은 「감가상각대상금액」입니다.,오답: 공식자료의 기준은 「감가상각대상금액」입니다.,회계업무방법 제51조 (감가상각),감가상각대상금액,D62,D05,FOCUS,
QRC2-115,RELEASE_READY_V09,SOURCE_REDESIGN_V09,회계·재무·결산,ACC-06,D62,개념형,3,무형자산의 상각대상금액은 어떤 기간 동안 배분하는가?,보증기간,사업연도,상환기간,추정내용연수,4,정답: 추정내용연수,회계업무방법 제57조 (무형자산의 상각) 기준: 무형자산의 상각대상금액은 추정내용연수 동안 체계적으로 배분합니다.,조문 번호 자체보다 기간·비율·금액·주체·핵심용어를 구분하세요.,오답: 공식자료의 기준은 「추정내용연수」입니다.,오답: 공식자료의 기준은 「추정내용연수」입니다.,오답: 공식자료의 기준은 「추정내용연수」입니다.,정답: 무형자산의 상각대상금액은 추정내용연수 동안 체계적으로 배분합니다.,회계업무방법 제57조 (무형자산의 상각),추정내용연수,D62,D05,FOCUS,
QRC2-116,RELEASE_READY_V09,SOURCE_REDESIGN_V09,회계·재무·결산,ACC-08,D66,개념형,3,고유목적사업준비금은 주로 무엇에 지출하기 위해 설정하는가?,배당금 지급,대손금 상각,고유목적사업·지정기부금,출자금 환급,3,정답: 고유목적사업·지정기부금,회계업무방법 제84조 (고유목적사업준비금) 기준: 고유목적사업준비금은 비영리내국법인이 고유목적사업 또는 지정기부금 지출을 위해 설정합니다.,조문 번호 자체보다 기간·비율·금액·주체·핵심용어를 구분하세요.,오답: 공식자료의 기준은 「고유목적사업·지정기부금」입니다.,오답: 공식자료의 기준은 「고유목적사업·지정기부금」입니다.,정답: 고유목적사업준비금은 비영리내국법인이 고유목적사업 또는 지정기부금 지출을 위해 설정합니다.,오답: 공식자료의 기준은 「고유목적사업·지정기부금」입니다.,회계업무방법 제84조 (고유목적사업준비금),고유목적사업·지정기부금,D66,D05,FOCUS,
QRC2-117,RELEASE_READY_V09,SOURCE_REDESIGN_V09,회계·재무·결산,ACC-01,D53,금액형,3,원칙적으로 법적증빙을 수취해야 하는 지출금액 기준은?,10만원 초과,3만원 초과,1만원 초과,5만원 초과,2,정답: 3만원 초과,회계업무방법 제181조 (예외사항) 기준: 원칙적으로 3만원을 초과하는 지출은 세금계산서·계산서·신용카드매출전표·현금영수증 등 법적증빙을 수취합니다.,조문 번호 자체보다 기간·비율·금액·주체·핵심용어를 구분하세요.,오답: 공식자료의 기준은 「3만원 초과」입니다.,정답: 원칙적으로 3만원을 초과하는 지출은 세금계산서·계산서·신용카드매출전표·현금영수증 등 법적증빙을 수취합니다.,오답: 공식자료의 기준은 「3만원 초과」입니다.,오답: 공식자료의 기준은 「3만원 초과」입니다.,회계업무방법 제181조 (예외사항),3만원 초과,D53,D05,FOCUS,
QRC2-118,RELEASE_READY_V09,SOURCE_REDESIGN_V09,회원·출자,MEM-01,D05,숫자형,3,금고 회원이 되기 위해 현금으로 납입해야 하는 최소 출자좌수는?,1좌,2좌,10좌,5좌,1,정답: 1좌,새마을금고법 제9조 (회원과 자본금) 기준: 회원은 출자 1좌 이상을 현금으로 납입해야 합니다.,조문 번호 자체보다 기간·비율·금액·주체·핵심용어를 구분하세요.,정답: 회원은 출자 1좌 이상을 현금으로 납입해야 합니다.,오답: 공식자료의 기준은 「1좌」입니다.,오답: 공식자료의 기준은 「1좌」입니다.,오답: 공식자료의 기준은 「1좌」입니다.,새마을금고법 제9조 (회원과 자본금),1좌,D05,D01,FOCUS,
QRC2-119,RELEASE_READY_V09,SOURCE_REDESIGN_V09,기관,GOV-03,D11,숫자형,3,총회를 갈음할 대의원회를 둘 수 있는 회원 수 기준은?,"1,000명 초과",100명 초과,300명 초과,500명 초과,4,정답: 500명 초과,새마을금고법 제16조 (대의원회) 기준: 회원이 500명을 초과하는 금고는 요건에 따라 총회를 갈음할 대의원회를 둘 수 있습니다.,조문 번호 자체보다 기간·비율·금액·주체·핵심용어를 구분하세요.,오답: 공식자료의 기준은 「500명 초과」입니다.,오답: 공식자료의 기준은 「500명 초과」입니다.,오답: 공식자료의 기준은 「500명 초과」입니다.,정답: 회원이 500명을 초과하는 금고는 요건에 따라 총회를 갈음할 대의원회를 둘 수 있습니다.,새마을금고법 제16조 (대의원회),500명 초과,D11,D01,QUICK,
QRC2-120,RELEASE_READY_V09,SOURCE_REDESIGN_V09,임원·직원·선거,HR-01,D15,개념형,3,임원 결격사유에 해당하는 사람은 금고에서 어떤 지위가 제한되는가?,대의원,회원,직원,임원,4,정답: 임원,새마을금고법 제21조 (임원의 결격 사유) 기준: 결격사유에 해당하는 사람은 금고의 임원이 될 수 없습니다.,조문 번호 자체보다 기간·비율·금액·주체·핵심용어를 구분하세요.,오답: 공식자료의 기준은 「임원」입니다.,오답: 공식자료의 기준은 「임원」입니다.,오답: 공식자료의 기준은 「임원」입니다.,정답: 결격사유에 해당하는 사람은 금고의 임원이 될 수 없습니다.,새마을금고법 제21조 (임원의 결격 사유),임원,D15,D01,FOCUS,
QRC2-121,RELEASE_READY_V09,SOURCE_REDESIGN_V09,임원·직원·선거,HR-04,D18,원칙형,3,법이 허용한 후보자의 선거운동 방법은 몇 가지인가?,4가지,3가지,5가지,2가지,1,정답: 4가지,"새마을금고법 제22조 (임원 등의 선거운동 제한) 기준: 금고 임원·대의원 선거에서 후보자에게 허용된 선거운동 방법은 선거공보, 합동연설회·공개토론회, 전화·문자·전자우편, 공개된 장소에서의 지지호소·명함배부의 4가지 유형입니다.",조문 번호보다 숫자·기간·비율·공식 주체·핵심용어를 구분하세요.,"정답: 금고 임원·대의원 선거에서 후보자에게 허용된 선거운동 방법은 선거공보, 합동연설회·공개토론회, 전화·문자·전자우편, 공개된 장소에서의 지지호소·명함배부의 4가지 유형입니다.",오답: 공식자료의 기준은 「4가지」입니다.,오답: 공식자료의 기준은 「4가지」입니다.,오답: 공식자료의 기준은 「4가지」입니다.,새마을금고법 제22조 (임원 등의 선거운동 제한),4가지,D18,D01,FOCUS,
QRC2-122,RELEASE_READY_V09,SOURCE_REDESIGN_V09,임원·직원·선거,HR-04,D18,개념형,3,기부행위 제한에서 후보자의 범위에 포함되는 사람은?,감사위원,후보자가 되려는 사람,대의원,선거관리위원,2,정답: 후보자가 되려는 사람,새마을금고법 제22조의2 (기부행위의 제한) 기준: 기부행위 제한의 후보자에는 후보자가 되려는 사람도 포함됩니다.,조문 번호 자체보다 기간·비율·금액·주체·핵심용어를 구분하세요.,오답: 공식자료의 기준은 「후보자가 되려는 사람」입니다.,정답: 기부행위 제한의 후보자에는 후보자가 되려는 사람도 포함됩니다.,오답: 공식자료의 기준은 「후보자가 되려는 사람」입니다.,오답: 공식자료의 기준은 「후보자가 되려는 사람」입니다.,새마을금고법 제22조의2 (기부행위의 제한),후보자가 되려는 사람,D18,D01,FOCUS,
QRC2-123,RELEASE_READY_V09,SOURCE_REDESIGN_V09,사업·금융거래·공제,BUS-01,D21,기준형,3,금고는 법에서 정한 사업을 어느 범위까지 수행할 수 있는가?,전부만,신용사업만,전부 또는 일부,일부만,3,정답: 전부 또는 일부,새마을금고법 제28조 (사업의 종류 등) 기준: 금고는 목적 달성을 위해 법에서 정한 사업의 전부 또는 일부를 수행할 수 있습니다.,조문 번호 자체보다 기간·비율·금액·주체·핵심용어를 구분하세요.,오답: 공식자료의 기준은 「전부 또는 일부」입니다.,오답: 공식자료의 기준은 「전부 또는 일부」입니다.,정답: 금고는 목적 달성을 위해 법에서 정한 사업의 전부 또는 일부를 수행할 수 있습니다.,오답: 공식자료의 기준은 「전부 또는 일부」입니다.,새마을금고법 제28조 (사업의 종류 등),전부 또는 일부,D21,D02,FOCUS,
QRC2-124,RELEASE_READY_V09,SOURCE_REDESIGN_V09,중앙회,CEN-03,D81,절차형,3,중앙회 회장을 직접 선출할 때 사용하는 방식은?,공개토론회,선거공보,합동연설회,무기명 비밀투표,4,정답: 무기명 비밀투표,새마을금고법 제64조의2 (임원의 선출과 임기 등) 기준: 중앙회 회장은 금고의 회원 중에서 금고의 무기명 비밀투표로 직접 선출합니다.,조문 번호보다 숫자·기간·비율·공식 주체·핵심용어를 구분하세요.,오답: 공식자료의 기준은 「무기명 비밀투표」입니다.,오답: 공식자료의 기준은 「무기명 비밀투표」입니다.,오답: 공식자료의 기준은 「무기명 비밀투표」입니다.,정답: 중앙회 회장은 금고의 회원 중에서 금고의 무기명 비밀투표로 직접 선출합니다.,새마을금고법 제64조의2 (임원의 선출과 임기 등),무기명 비밀투표,D81,D02,FOCUS,
QRC2-125,RELEASE_READY_V09_1_CONTEXT_AUDIT,SOURCE_REDESIGN_V09,중앙회,CEN-06,D87,주체형,3,중앙회의 사업계획과 예산서를 보고받는 자는?,주무부장관,이사장,대의원,회장,1,정답: 주무부장관,새마을금고법 제70조 (사업 예산과 결산) 기준: 중앙회는 사업계획과 예산서를 총회 의결을 거쳐 주무부장관에게 보고합니다.,조문 번호 자체보다 기간·비율·금액·주체·핵심용어를 구분하세요.,정답: 중앙회는 사업계획과 예산서를 총회 의결을 거쳐 주무부장관에게 보고합니다.,오답: 이 문항의 기준은 「주무부장관」입니다.,오답: 이 문항의 기준은 「주무부장관」입니다.,오답: 이 문항의 기준은 「주무부장관」입니다.,새마을금고법 제70조 (사업 예산과 결산),주무부장관,D87,D02,QUICK,
QRC2-126,RELEASE_READY_V09_1_CONTEXT_AUDIT,SOURCE_REDESIGN_V09,감독·검사·제재·공시,SUP-01,D30,주체형,3,임직원의 법·명령·정관상 의무 위반에 제재조치를 할 수 있는 자는?,대의원,주무부장관,이사장,회장,2,정답: 주무부장관,새마을금고법 제74조의2 (임직원에 대한 제재처분) 기준: 주무부장관은 법·명령·정관상 절차나 의무를 이행하지 않은 관련 임직원에 대해 조치할 수 있습니다.,조문 번호 자체보다 기간·비율·금액·주체·핵심용어를 구분하세요.,오답: 이 문항의 기준은 「주무부장관」입니다.,정답: 주무부장관은 법·명령·정관상 절차나 의무를 이행하지 않은 관련 임직원에 대해 조치할 수 있습니다.,오답: 이 문항의 기준은 「주무부장관」입니다.,오답: 이 문항의 기준은 「주무부장관」입니다.,새마을금고법 제74조의2 (임직원에 대한 제재처분),주무부장관,D30,D04,QUICK,
QRC2-127,RELEASE_READY_V09_1_CONTEXT_AUDIT,SOURCE_REDESIGN_V09,감독·검사·제재·공시,SUP-01,D30,주체형,3,금고·중앙회·관리회사에 행정처분을 할 수 있는 자는?,이사장,대의원,주무부장관,회장,3,정답: 주무부장관,새마을금고법 제74조의3 (금고 등에 대한 행정처분) 기준: 법 또는 명령 위반으로 건전한 운영을 해칠 수 있는 경우 주무부장관이 행정처분을 할 수 있습니다.,조문 번호 자체보다 기간·비율·금액·주체·핵심용어를 구분하세요.,오답: 이 문항의 기준은 「주무부장관」입니다.,오답: 이 문항의 기준은 「주무부장관」입니다.,정답: 법 또는 명령 위반으로 건전한 운영을 해칠 수 있는 경우 주무부장관이 행정처분을 할 수 있습니다.,오답: 이 문항의 기준은 「주무부장관」입니다.,새마을금고법 제74조의3 (금고 등에 대한 행정처분),주무부장관,D30,D04,FOCUS,
QRC2-128,RELEASE_READY_V09_1_CONTEXT_AUDIT,SOURCE_REDESIGN_V09,감독·검사·제재·공시,SUP-01,D30,주체형,3,중앙회에서 금고를 지도·감독하는 주체는?,주무부장관,이사장,대의원,회장,4,정답: 회장,새마을금고법 제79조 (중앙회의 금고에 대한 지도ㆍ감독) 기준: 회장은 법·명령·정관에 따라 금고를 지도하고 감독합니다.,조문 번호 자체보다 기간·비율·금액·주체·핵심용어를 구분하세요.,오답: 이 문항의 기준은 「회장」입니다.,오답: 이 문항의 기준은 「회장」입니다.,오답: 이 문항의 기준은 「회장」입니다.,정답: 회장은 법·명령·정관에 따라 금고를 지도하고 감독합니다.,새마을금고법 제79조 (중앙회의 금고에 대한 지도ㆍ감독),회장,D30,D04,FOCUS,
QRC2-129,RELEASE_READY_V09_1_CONTEXT_AUDIT,SOURCE_REDESIGN_V09,감독·검사·제재·공시,SUP-03,D33,주체형,3,회원 보호에 지장을 줄 우려가 있는 금고에 경영지도를 하는 자는?,주무부장관,이사장,회장,대의원,1,정답: 주무부장관,새마을금고법 제80조 (경영지도) 기준: 회원 보호에 지장을 줄 우려가 인정되는 경우 주무부장관이 금고에 경영지도를 합니다.,조문 번호 자체보다 기간·비율·금액·주체·핵심용어를 구분하세요.,정답: 회원 보호에 지장을 줄 우려가 인정되는 경우 주무부장관이 금고에 경영지도를 합니다.,오답: 이 문항의 기준은 「주무부장관」입니다.,오답: 이 문항의 기준은 「주무부장관」입니다.,오답: 이 문항의 기준은 「주무부장관」입니다.,새마을금고법 제80조 (경영지도),주무부장관,D33,D04,QUICK,
QRC2-130,RELEASE_READY_V09,SOURCE_REDESIGN_V09,건전성·경영실태평가,PRU-06,D44,주체형,3,부실금고 지정 전에 거치는 심의기구는?,선거관리위원회,감사위원회,준비금관리위원회,이사회,3,정답: 준비금관리위원회,새마을금고법 제80조의2 (적기시정조치) 기준: 부실금고 지정은 준비금관리위원회의 심의를 거쳐 이루어집니다.,조문 번호 자체보다 기간·비율·금액·주체·핵심용어를 구분하세요.,오답: 공식자료의 기준은 「준비금관리위원회」입니다.,오답: 공식자료의 기준은 「준비금관리위원회」입니다.,정답: 부실금고 지정은 준비금관리위원회의 심의를 거쳐 이루어집니다.,오답: 공식자료의 기준은 「준비금관리위원회」입니다.,새마을금고법 제80조의2 (적기시정조치),준비금관리위원회,D44,D04,QUICK,
QRC2-131,RELEASE_READY_V09,SOURCE_REDESIGN_V09,감독·검사·제재·공시,SUP-02,D32,복합형,3,해당 벌칙의 최고 징역형과 벌금은?,3년 이하·3천만원 이하,5년 이하·5천만원 이하,5년 이하·3천만원 이하,7년 이하·5천만원 이하,2,정답: 5년 이하·5천만원 이하,새마을금고법 제85조 (벌칙) 기준: 해당 벌칙은 5년 이하의 징역 또는 5천만원 이하의 벌금입니다.,조문 번호 자체보다 기간·비율·금액·주체·핵심용어를 구분하세요.,오답: 공식자료의 기준은 「5년 이하·5천만원 이하」입니다.,정답: 해당 벌칙은 5년 이하의 징역 또는 5천만원 이하의 벌금입니다.,오답: 공식자료의 기준은 「5년 이하·5천만원 이하」입니다.,오답: 공식자료의 기준은 「5년 이하·5천만원 이하」입니다.,새마을금고법 제85조 (벌칙),5년 이하·5천만원 이하,D32,D04,FOCUS,
QRC2-132,RELEASE_READY_V09,SOURCE_REDESIGN_V09,기본·설립·정관,FND-02,D02,기간형,3,금고 창립총회 전에 설립 관련 사항을 공고해야 하는 최소 기간은?,15일,30일,7일,10일,1,정답: 15일,새마을금고법 시행령 제2조 (설립절차) 기준: 발기인은 정관안과 사업계획안을 작성하고 관련 사항을 15일 이상 공고한 후 창립총회를 개최합니다.,조문 번호 자체보다 기간·비율·금액·주체·핵심용어를 구분하세요.,정답: 발기인은 정관안과 사업계획안을 작성하고 관련 사항을 15일 이상 공고한 후 창립총회를 개최합니다.,오답: 공식자료의 기준은 「15일」입니다.,오답: 공식자료의 기준은 「15일」입니다.,오답: 공식자료의 기준은 「15일」입니다.,새마을금고법 시행령 제2조 (설립절차),15일,D02,D01,QUICK,
QRC2-133,RELEASE_READY_V09_1_CONTEXT_AUDIT,SOURCE_REDESIGN_V09,기본·설립·정관,FND-02,D02,주체형,3,금고 설립인가 신청서는 누구를 거쳐 제출하는가?,대의원,주무부장관,이사장,중앙회장(회장),4,정답: 중앙회장(회장),새마을금고법 시행령 제3조 (설립인가 신청) 기준: 설립인가 신청서는 중앙회장(이하 회장)을 거쳐 관할 인가권자에게 제출합니다.,조문 번호 자체보다 기간·비율·금액·주체·핵심용어를 구분하세요.,오답: 이 문항의 기준은 「중앙회장(회장)」입니다.,오답: 이 문항의 기준은 「중앙회장(회장)」입니다.,오답: 이 문항의 기준은 「중앙회장(회장)」입니다.,정답: 설립인가 신청서는 중앙회장(이하 회장)을 거쳐 관할 인가권자에게 제출합니다.,새마을금고법 시행령 제3조 (설립인가 신청),중앙회장(회장),D02,D01,FOCUS,
QRC2-134,RELEASE_READY_V09,SOURCE_REDESIGN_V09,기본·설립·정관,FND-02,D02,숫자형,3,금고 설립인가 요건에서 설립동의자는 최소 몇 명이어야 하는가?,500명,200명,100명,50명,3,정답: 100명,새마을금고법 시행령 제4조 (인가의 세부 요건) 기준: 설립동의자는 회원 자격이 있는 사람 100명 이상이어야 합니다.,조문 번호 자체보다 기간·비율·금액·주체·핵심용어를 구분하세요.,오답: 공식자료의 기준은 「100명」입니다.,오답: 공식자료의 기준은 「100명」입니다.,정답: 설립동의자는 회원 자격이 있는 사람 100명 이상이어야 합니다.,오답: 공식자료의 기준은 「100명」입니다.,새마을금고법 시행령 제4조 (인가의 세부 요건),100명,D02,D01,FOCUS,
QRC2-135,RELEASE_READY_V09_1_CONTEXT_AUDIT,SOURCE_REDESIGN_V09,기본·설립·정관,FND-03,D03,주체형,3,정관 변경인가 신청은 누구를 거쳐 관할 인가권자에게 제출하는가?,주무부장관,회장,이사장,대의원,2,정답: 회장,새마을금고법 시행령 제4조의3 (정관의 변경인가) 기준: 정관 변경인가 신청서는 회장을 거쳐 관할 인가권자에게 제출합니다.,조문 번호 자체보다 기간·비율·금액·주체·핵심용어를 구분하세요.,오답: 이 문항의 기준은 「회장」입니다.,정답: 정관 변경인가 신청서는 회장을 거쳐 관할 인가권자에게 제출합니다.,오답: 이 문항의 기준은 「회장」입니다.,오답: 이 문항의 기준은 「회장」입니다.,새마을금고법 시행령 제4조의3 (정관의 변경인가),회장,D03,D01,FOCUS,
QRC2-136,RELEASE_READY_V09,SOURCE_REDESIGN_V09,임원·직원·선거,HR-03,D17,기간형,3,상근이사장 자격 중 금고 상근임원 경력 기준은?,4년 이상,2년 이상,5년 이상,10년 이상,1,정답: 4년 이상,새마을금고법 시행령 제8조 (상근임원의 자격 요건) 기준: 상근이사장 자격요건 중 하나는 금고에서 상근임원으로 4년 이상 근무한 경력입니다.,조문 번호 자체보다 기간·비율·금액·주체·핵심용어를 구분하세요.,정답: 상근이사장 자격요건 중 하나는 금고에서 상근임원으로 4년 이상 근무한 경력입니다.,오답: 공식자료의 기준은 「4년 이상」입니다.,오답: 공식자료의 기준은 「4년 이상」입니다.,오답: 공식자료의 기준은 「4년 이상」입니다.,새마을금고법 시행령 제8조 (상근임원의 자격 요건),4년 이상,D17,D02,FOCUS,
QRC2-137,RELEASE_READY_V09,SOURCE_REDESIGN_V09,사업·금융거래·공제,BUS-05,D25,비율형,3,매월 말 상환준비금 중 중앙회에 예치해야 하는 최소 비율은?,90% 이상,70% 이상,50% 이상,80% 이상,4,정답: 80% 이상,새마을금고법 시행령 제16조 (상환준비금) 기준: 매월 말 보유해야 하는 상환준비금 중 80% 이상을 다음 달 5일까지 중앙회에 예치해야 합니다.,조문 번호 자체보다 기간·비율·금액·주체·핵심용어를 구분하세요.,오답: 공식자료의 기준은 「80% 이상」입니다.,오답: 공식자료의 기준은 「80% 이상」입니다.,오답: 공식자료의 기준은 「80% 이상」입니다.,정답: 매월 말 보유해야 하는 상환준비금 중 80% 이상을 다음 달 5일까지 중앙회에 예치해야 합니다.,새마을금고법 시행령 제16조 (상환준비금),80% 이상,D25,D02,FOCUS,
QRC2-138,RELEASE_READY_V09,SOURCE_REDESIGN_V09,회계·재무·결산,ACC-09,D68,기간형,3,자본금 감소 후 금고 게시판 공고기간은 최소?,2개월,10일,1개월,3개월,3,정답: 1개월,새마을금고법 시행령 제20조 (자본금의 감소) 기준: 자본금 감소 시 금고 게시판에 1개월 이상 공고해야 합니다.,조문 번호 자체보다 기간·비율·금액·주체·핵심용어를 구분하세요.,오답: 공식자료의 기준은 「1개월」입니다.,오답: 공식자료의 기준은 「1개월」입니다.,정답: 자본금 감소 시 금고 게시판에 1개월 이상 공고해야 합니다.,오답: 공식자료의 기준은 「1개월」입니다.,새마을금고법 시행령 제20조 (자본금의 감소),1개월,D68,D05,QUICK,
QRC2-139,RELEASE_READY_V09,SOURCE_REDESIGN_V09,중앙회,CEN-01,D77,기간형,3,중앙회 창립총회 전에 관련 사항을 공고해야 하는 최소 기간은?,10일,15일,30일,7일,2,정답: 15일,새마을금고법 시행령 제22조 (설립절차) 기준: 중앙회 설립 발기인은 관련 사항을 15일 이상 공고한 후 창립총회를 개최합니다.,조문 번호 자체보다 기간·비율·금액·주체·핵심용어를 구분하세요.,오답: 공식자료의 기준은 「15일」입니다.,정답: 중앙회 설립 발기인은 관련 사항을 15일 이상 공고한 후 창립총회를 개최합니다.,오답: 공식자료의 기준은 「15일」입니다.,오답: 공식자료의 기준은 「15일」입니다.,새마을금고법 시행령 제22조 (설립절차),15일,D77,D02,QUICK,
QRC2-140,RELEASE_READY_V09,SOURCE_REDESIGN_V09,중앙회,CEN-01,D77,주체형,3,중앙회 설립인가 신청을 받는 행정기관의 장은?,이사장,행정안전부장관,회장,주무부장관,2,정답: 행정안전부장관,새마을금고법 시행령 제23조 (설립인가) 기준: 중앙회 설립인가 신청은 행정안전부장관에게 합니다.,조문 번호 자체보다 기간·비율·금액·주체·핵심용어를 구분하세요.,오답: 공식자료의 기준은 「행정안전부장관」입니다.,정답: 중앙회 설립인가 신청은 행정안전부장관에게 합니다.,오답: 공식자료의 기준은 「행정안전부장관」입니다.,오답: 공식자료의 기준은 「행정안전부장관」입니다.,새마을금고법 시행령 제23조 (설립인가),행정안전부장관,D77,D02,FOCUS,
QRC2-141,RELEASE_READY_V09,SOURCE_REDESIGN_V09,중앙회,CEN-02,D79,기간형,3,중앙회·금고 등에서 근무한 경력으로 감사위원 자격을 갖추려면 최소 몇 년이 필요한가?,7년,15년,10년,5년,3,정답: 10년,새마을금고법 시행령 제24조의2 (감사위원의 자격요건) 기준: 감사위원 자격요건 중 하나는 중앙회·금고·검사대상기관 등에서 10년 이상 근무한 경력입니다.,조문 번호 자체보다 기간·비율·금액·주체·핵심용어를 구분하세요.,오답: 공식자료의 기준은 「10년」입니다.,오답: 공식자료의 기준은 「10년」입니다.,정답: 감사위원 자격요건 중 하나는 중앙회·금고·검사대상기관 등에서 10년 이상 근무한 경력입니다.,오답: 공식자료의 기준은 「10년」입니다.,새마을금고법 시행령 제24조의2 (감사위원의 자격요건),10년,D79,D02,FOCUS,
QRC2-142,RELEASE_READY_V09,SOURCE_REDESIGN_V09,중앙회,CEN-06,D87,숫자형,3,중앙회가 자본금을 감소할 때 일간신문 공고는 최소 몇 회 해야 하는가?,5회,3회,2회,1회,4,정답: 1회,새마을금고법 시행령 제41조 (자본금의 감소) 기준: 중앙회 자본금 감소 시 1개 이상의 일간신문 등에 1회 이상 공고합니다.,조문 번호 자체보다 기간·비율·금액·주체·핵심용어를 구분하세요.,오답: 공식자료의 기준은 「1회」입니다.,오답: 공식자료의 기준은 「1회」입니다.,오답: 공식자료의 기준은 「1회」입니다.,정답: 중앙회 자본금 감소 시 1개 이상의 일간신문 등에 1회 이상 공고합니다.,새마을금고법 시행령 제41조 (자본금의 감소),1회,D87,D02,QUICK,
QRC2-143,RELEASE_READY_V09,SOURCE_REDESIGN_V09,중앙회,CEN-05,D85,숫자형,3,예금자보호준비금 관리위원회는 위원장 포함 몇 명으로 구성되는가?,9명,5명,7명,11명,1,정답: 9명,새마을금고법 시행령 제43조 (예금자보호준비금 관리위원회의 구성) 기준: 예금자보호준비금 관리위원회는 위원장 1명을 포함한 9명의 위원으로 구성합니다.,조문 번호 자체보다 기간·비율·금액·주체·핵심용어를 구분하세요.,정답: 예금자보호준비금 관리위원회는 위원장 1명을 포함한 9명의 위원으로 구성합니다.,오답: 공식자료의 기준은 「9명」입니다.,오답: 공식자료의 기준은 「9명」입니다.,오답: 공식자료의 기준은 「9명」입니다.,새마을금고법 시행령 제43조 (예금자보호준비금 관리위원회의 구성),9명,D85,D02,QUICK,
QRC2-144,RELEASE_READY_V09,SOURCE_REDESIGN_V09,중앙회,CEN-05,D85,기간형,3,예탁금·적금 관련 출연금의 납입기한은 매분기 종료 후 언제까지인가?,10일 이내,1개월 이내,2개월 이내,3개월 이내,2,정답: 1개월 이내,새마을금고법 시행령 제47조 (출연금) 기준: 예탁금·적금 관련 출연금은 매분기 종료 후 1개월 이내에 납입합니다.,조문 번호 자체보다 기간·비율·금액·주체·핵심용어를 구분하세요.,오답: 공식자료의 기준은 「1개월 이내」입니다.,정답: 예탁금·적금 관련 출연금은 매분기 종료 후 1개월 이내에 납입합니다.,오답: 공식자료의 기준은 「1개월 이내」입니다.,오답: 공식자료의 기준은 「1개월 이내」입니다.,새마을금고법 시행령 제47조 (출연금),1개월 이내,D85,D02,FOCUS,
QRC2-145,RELEASE_READY_V09,SOURCE_REDESIGN_V09,감독·검사·제재·공시,SUP-05,D37,금액형,3,외부감사 대상이 되는 기본 자산총액 기준은?,"3,000억원 이상","1,000억원 이상",500억원 이상,300억원 이상,3,정답: 500억원 이상,새마을금고법 시행령 제49조 (외부감사대상금고) 기준: 기본 외부감사대상금고에는 직전 사업연도 종료일 현재 자산총액 500억원 이상인 금고가 포함됩니다.,조문 번호 자체보다 기간·비율·금액·주체·핵심용어를 구분하세요.,오답: 공식자료의 기준은 「500억원 이상」입니다.,오답: 공식자료의 기준은 「500억원 이상」입니다.,정답: 기본 외부감사대상금고에는 직전 사업연도 종료일 현재 자산총액 500억원 이상인 금고가 포함됩니다.,오답: 공식자료의 기준은 「500억원 이상」입니다.,새마을금고법 시행령 제49조 (외부감사대상금고),500억원 이상,D37,D05,QUICK,
QRC2-146,RELEASE_READY_V09,SOURCE_REDESIGN_V09,감독·검사·제재·공시,SUP-01,D30,기간형,3,판사·검사·변호사·공인회계사 경력으로 금고감독위원 자격을 갖추려면 최소 몇 년이 필요한가?,7년,3년,10년,5년,4,정답: 5년,새마을금고법 시행령 제51조의3 (금고감독위원회 위원의 자격요건) 기준: 판사·검사·군법무관·변호사 또는 공인회계사 직에 5년 이상 근무한 경력이 자격요건 중 하나입니다.,조문 번호 자체보다 기간·비율·금액·주체·핵심용어를 구분하세요.,오답: 공식자료의 기준은 「5년」입니다.,오답: 공식자료의 기준은 「5년」입니다.,오답: 공식자료의 기준은 「5년」입니다.,정답: 판사·검사·군법무관·변호사 또는 공인회계사 직에 5년 이상 근무한 경력이 자격요건 중 하나입니다.,새마을금고법 시행령 제51조의3 (금고감독위원회 위원의 자격요건),5년,D30,D04,FOCUS,
QRC2-147,RELEASE_READY_V09,SOURCE_REDESIGN_V09,감독·검사·제재·공시,SUP-02,D32,개념형,3,제재심의회의 법령상 성격은?,자문기구,선거관리위원회,이사회,감사위원회,1,정답: 자문기구,새마을금고 감독기준 제4조 (제재심의회의) 기준: 제재심의회는 제재 관련 사항을 심의하기 위해 행정안전부에 둘 수 있는 자문기구입니다.,조문 번호보다 숫자·기간·비율·공식 주체·핵심용어를 구분하세요.,정답: 제재심의회는 제재 관련 사항을 심의하기 위해 행정안전부에 둘 수 있는 자문기구입니다.,오답: 공식자료의 기준은 「자문기구」입니다.,오답: 공식자료의 기준은 「자문기구」입니다.,오답: 공식자료의 기준은 「자문기구」입니다.,새마을금고 감독기준 제4조 (제재심의회의),자문기구,D32,D04,FOCUS,
QRC2-148,RELEASE_READY_V09,SOURCE_REDESIGN_V09,사업·금융거래·공제,BUS-03,D23,금지형,3,차용인의 의사에 반해 예금·적금의 해약이나 인출을 제한하는 행위는?,경영지도,구속행위 금지 대상,회수예상가액 산정,정기공시,2,정답: 구속행위 금지 대상,새마을금고 감독기준 제9조 (구속행위 금지) 기준: 차용인의 의사에 반해 금융상품의 해약 또는 인출을 제한하는 행위는 구속행위 금지 대상입니다.,조문 번호 자체보다 기간·비율·금액·주체·핵심용어를 구분하세요.,오답: 공식자료의 기준은 「구속행위 금지 대상」입니다.,정답: 차용인의 의사에 반해 금융상품의 해약 또는 인출을 제한하는 행위는 구속행위 금지 대상입니다.,오답: 공식자료의 기준은 「구속행위 금지 대상」입니다.,오답: 공식자료의 기준은 「구속행위 금지 대상」입니다.,새마을금고 감독기준 제9조 (구속행위 금지),구속행위 금지 대상,D23,D02,FOCUS,
QRC2-149,RELEASE_READY_V09_1_CONTEXT_AUDIT,SOURCE_REDESIGN_V09,사업·금융거래·공제,BUS-02,D22,주체형,3,동일인 대출한도를 초과한 대출을 예외적으로 승인할 수 있는 자는?,이사장,대의원,회장,주무부장관,3,정답: 회장,새마을금고 감독기준 제11조 (동일인 대출한도 등) 기준: 감독기준이 정한 경우 회장은 동일인 대출한도를 초과한 대출을 승인할 수 있습니다.,조문 번호 자체보다 기간·비율·금액·주체·핵심용어를 구분하세요.,오답: 이 문항의 기준은 「회장」입니다.,오답: 이 문항의 기준은 「회장」입니다.,정답: 감독기준이 정한 경우 회장은 동일인 대출한도를 초과한 대출을 승인할 수 있습니다.,오답: 이 문항의 기준은 「회장」입니다.,새마을금고 감독기준 제11조 (동일인 대출한도 등),회장,D22,D02,FOCUS,
QRC2-150,RELEASE_READY_V09,SOURCE_REDESIGN_V09,건전성·경영실태평가,PRU-02,D39,분류형,3,담보물 회수예상가액을 자산건전성 분류 때마다 산정하는 여신 분류는?,고정 이하,정상,정상·요주의,요주의,1,정답: 고정 이하,새마을금고 감독기준 제15조 (회수예상가액 산정) 기준: 고정 이하 분류여신은 자산건전성 분류 때마다 담보물의 회수예상가액을 산정합니다.,조문 번호 자체보다 기간·비율·금액·주체·핵심용어를 구분하세요.,정답: 고정 이하 분류여신은 자산건전성 분류 때마다 담보물의 회수예상가액을 산정합니다.,오답: 공식자료의 기준은 「고정 이하」입니다.,오답: 공식자료의 기준은 「고정 이하」입니다.,오답: 공식자료의 기준은 「고정 이하」입니다.,새마을금고 감독기준 제15조 (회수예상가액 산정),고정 이하,D39,D03,FOCUS,
QRC2-151,RELEASE_READY_V09,SOURCE_REDESIGN_V09,건전성·경영실태평가,PRU-04,D41,원칙형,3,경영건전성 비율에 대한 금고의 의무 표현은?,경영지도,경영개선요구,경영개선권고,유지하여야 한다,4,정답: 유지하여야 한다,새마을금고 감독기준 제20조 (경영건전성 비율) 기준: 금고는 감독기준에서 정한 경영건전성 비율을 유지하여야 합니다.,조문 번호보다 숫자·기간·비율·공식 주체·핵심용어를 구분하세요.,오답: 공식자료의 기준은 「유지하여야 한다」입니다.,오답: 공식자료의 기준은 「유지하여야 한다」입니다.,오답: 공식자료의 기준은 「유지하여야 한다」입니다.,정답: 금고는 감독기준에서 정한 경영건전성 비율을 유지하여야 합니다.,새마을금고 감독기준 제20조 (경영건전성 비율),유지하여야 한다,D41,D04,FOCUS,
QRC2-152,RELEASE_READY_V09_1_CONTEXT_AUDIT,SOURCE_REDESIGN_V09,건전성·경영실태평가,PRU-06,D44,주체형,3,부실우려금고를 지정하는 주체는?,장관,대의원,회장,이사장,3,정답: 회장,새마을금고 감독기준 제23조 (부실우려금고의 지정) 기준: 경영실태평가와 현지조사 기준에 따라 회장이 부실우려금고를 지정합니다.,조문 번호 자체보다 기간·비율·금액·주체·핵심용어를 구분하세요.,오답: 이 문항의 기준은 「회장」입니다.,오답: 이 문항의 기준은 「회장」입니다.,정답: 경영실태평가와 현지조사 기준에 따라 회장이 부실우려금고를 지정합니다.,오답: 이 문항의 기준은 「회장」입니다.,새마을금고 감독기준 제23조 (부실우려금고의 지정),회장,D44,D04,FOCUS,
QRC2-153,RELEASE_READY_V09_1_CONTEXT_AUDIT,SOURCE_REDESIGN_V09,건전성·경영실태평가,PRU-06,D44,주체형,3,부실금고 지정이 필요할 때 회장이 지정 요청을 하는 상대는?,회장,장관,이사장,대의원,2,정답: 장관,새마을금고 감독기준 제24조 (부실금고의 지정) 기준: 회장은 관리위원회 심의를 거쳐 장관에게 해당 금고를 부실금고로 지정하도록 요청합니다.,조문 번호 자체보다 기간·비율·금액·주체·핵심용어를 구분하세요.,오답: 이 문항의 기준은 「장관」입니다.,정답: 회장은 관리위원회 심의를 거쳐 장관에게 해당 금고를 부실금고로 지정하도록 요청합니다.,오답: 이 문항의 기준은 「장관」입니다.,오답: 이 문항의 기준은 「장관」입니다.,새마을금고 감독기준 제24조 (부실금고의 지정),장관,D44,D04,FOCUS,
QRC2-154,RELEASE_READY_V09_1_CONTEXT_AUDIT,SOURCE_REDESIGN_V09,건전성·경영실태평가,PRU-06,D44,주체형,3,부실우려금고에 경영개선권고를 하는 주체는?,회장,이사장,대의원,장관,1,정답: 회장,새마을금고 감독기준 제25조 (경영개선권고) 기준: 현지조사 결과 기준에 해당하면 회장이 해당 금고에 필요한 조치를 권고합니다.,조문 번호 자체보다 기간·비율·금액·주체·핵심용어를 구분하세요.,정답: 현지조사 결과 기준에 해당하면 회장이 해당 금고에 필요한 조치를 권고합니다.,오답: 이 문항의 기준은 「회장」입니다.,오답: 이 문항의 기준은 「회장」입니다.,오답: 이 문항의 기준은 「회장」입니다.,새마을금고 감독기준 제25조 (경영개선권고),회장,D44,D04,FOCUS,
QRC2-155,RELEASE_READY_V09,SOURCE_REDESIGN_V09,건전성·경영실태평가,PRU-06,D44,개념형,3,필요한 조치의 이행을 “요구”하는 적기시정조치의 명칭은?,경영개선권고,경영지도,경영개선명령,경영개선요구,4,정답: 경영개선요구,새마을금고 감독기준 제26조 (경영개선요구) 기준: 필요한 조치의 이행을 요구하는 단계는 경영개선요구입니다.,조문 번호 자체보다 기간·비율·금액·주체·핵심용어를 구분하세요.,오답: 공식자료의 기준은 「경영개선요구」입니다.,오답: 공식자료의 기준은 「경영개선요구」입니다.,오답: 공식자료의 기준은 「경영개선요구」입니다.,정답: 필요한 조치의 이행을 요구하는 단계는 경영개선요구입니다.,새마을금고 감독기준 제26조 (경영개선요구),경영개선요구,D44,D04,FOCUS,
QRC2-156,RELEASE_READY_V09,SOURCE_REDESIGN_V09,건전성·경영실태평가,PRU-06,D44,기간형,3,경영개선권고·요구를 받은 금고의 경영개선계획 제출기한은 원칙적으로?,2개월 이내,3개월 이내,1개월 이내,10일 이내,3,정답: 1개월 이내,새마을금고 감독기준 제27조 (경영개선계획 제출 및 평가) 기준: 경영개선권고 또는 요구를 받은 금고는 조치 후 1개월 이내에서 회장이 정하는 기간까지 계획을 제출합니다.,조문 번호 자체보다 기간·비율·금액·주체·핵심용어를 구분하세요.,오답: 공식자료의 기준은 「1개월 이내」입니다.,오답: 공식자료의 기준은 「1개월 이내」입니다.,정답: 경영개선권고 또는 요구를 받은 금고는 조치 후 1개월 이내에서 회장이 정하는 기간까지 계획을 제출합니다.,오답: 공식자료의 기준은 「1개월 이내」입니다.,새마을금고 감독기준 제27조 (경영개선계획 제출 및 평가),1개월 이내,D44,D04,FOCUS,
QRC2-157,RELEASE_READY_V09,SOURCE_REDESIGN_V09,건전성·경영실태평가,PRU-06,D44,기간형,3,경영개선계획의 최대 이행기간 조합으로 맞는 것은?,권고 2년·요구 3년,권고 1년·요구 2년,권고 2년·요구 1년,권고 1년·요구 1년,2,정답: 권고 1년·요구 2년,"새마을금고 감독기준 제28조 (경영개선계획 이행기간 등) 기준: 승인일부터 경영개선권고는 1년 이내, 경영개선요구는 2년 이내에서 기간을 정합니다.",조문 번호 자체보다 기간·비율·금액·주체·핵심용어를 구분하세요.,오답: 공식자료의 기준은 「권고 1년·요구 2년」입니다.,"정답: 승인일부터 경영개선권고는 1년 이내, 경영개선요구는 2년 이내에서 기간을 정합니다.",오답: 공식자료의 기준은 「권고 1년·요구 2년」입니다.,오답: 공식자료의 기준은 「권고 1년·요구 2년」입니다.,새마을금고 감독기준 제28조 (경영개선계획 이행기간 등),권고 1년·요구 2년,D44,D04,FOCUS,
QRC2-158,RELEASE_READY_V09_1_CONTEXT_AUDIT,SOURCE_REDESIGN_V09,건전성·경영실태평가,PRU-06,D44,주체형,3,부실금고에 경영개선명령이 필요할 때 회장이 조치 의견을 제출하는 상대는?,장관,이사장,회장,대의원,1,정답: 장관,새마을금고 감독기준 제29조 (경영개선명령) 기준: 회장은 관리위원회 심의를 거쳐 장관에게 필요한 조치 의견을 제출합니다.,조문 번호 자체보다 기간·비율·금액·주체·핵심용어를 구분하세요.,정답: 회장은 관리위원회 심의를 거쳐 장관에게 필요한 조치 의견을 제출합니다.,오답: 이 문항의 기준은 「장관」입니다.,오답: 이 문항의 기준은 「장관」입니다.,오답: 이 문항의 기준은 「장관」입니다.,새마을금고 감독기준 제29조 (경영개선명령),장관,D44,D04,FOCUS,
QRC2-159,RELEASE_READY_V09,SOURCE_REDESIGN_V09,건전성·경영실태평가,PRU-06,D44,기간형,3,일반적인 경영개선권고·요구의 유예기간은 최대 얼마인가?,2년,6개월,3년,1년,4,정답: 1년,새마을금고 감독기준 제32조 (경영개선권고 또는 요구 유예 등) 기준: 일반적인 경영개선권고·요구의 유예기간은 1년을 초과할 수 없습니다.,조문 번호 자체보다 기간·비율·금액·주체·핵심용어를 구분하세요.,오답: 공식자료의 기준은 「1년」입니다.,오답: 공식자료의 기준은 「1년」입니다.,오답: 공식자료의 기준은 「1년」입니다.,정답: 일반적인 경영개선권고·요구의 유예기간은 1년을 초과할 수 없습니다.,새마을금고 감독기준 제32조 (경영개선권고 또는 요구 유예 등),1년,D44,D04,FOCUS,
QRC2-160,RELEASE_READY_V09,SOURCE_REDESIGN_V09,중앙회,CEN-07,D89,기간형,3,이자 납입주기가 6개월 이상인 대출은 납입기일 후 몇 개월까지 이자가 미납되면 연체대출금에 포함되는가?,6개월,2개월,1개월,3개월,4,정답: 3개월,새마을금고 감독기준 제41조 (연체대출금) 기준: 이자 납입주기가 6개월 이상이면 납입기일부터 3개월 경과 시까지 이자가 미납된 대출금을 연체대출금에 포함합니다.,조문 번호 자체보다 기간·비율·금액·주체·핵심용어를 구분하세요.,오답: 공식자료의 기준은 「3개월」입니다.,오답: 공식자료의 기준은 「3개월」입니다.,오답: 공식자료의 기준은 「3개월」입니다.,정답: 이자 납입주기가 6개월 이상이면 납입기일부터 3개월 경과 시까지 이자가 미납된 대출금을 연체대출금에 포함합니다.,새마을금고 감독기준 제41조 (연체대출금),3개월,D89,D02,FOCUS,
QRC2-161,RELEASE_READY_V09_1_CONTEXT_AUDIT,SOURCE_REDESIGN_V09,중앙회,CEN-07,D89,주체형,3,중앙회의 경영실태를 분석·평가하는 자는?,장관,회장,대의원,이사장,1,정답: 장관,새마을금고 감독기준 제44조 (경영실태 분석 및 평가) 기준: 장관은 중앙회의 경영실태를 분석·평가합니다.,조문 번호 자체보다 기간·비율·금액·주체·핵심용어를 구분하세요.,정답: 장관은 중앙회의 경영실태를 분석·평가합니다.,오답: 이 문항의 기준은 「장관」입니다.,오답: 이 문항의 기준은 「장관」입니다.,오답: 이 문항의 기준은 「장관」입니다.,새마을금고 감독기준 제44조 (경영실태 분석 및 평가),장관,D89,D02,QUICK,
QRC2-162,RELEASE_READY_V09,SOURCE_REDESIGN_V09,중앙회,CEN-07,D89,개념형,3,중앙회에 수립·추진하도록 명령할 수 있는 것은?,경영지도,경영개선계획,경영개선요구,경영개선권고,2,정답: 경영개선계획,새마을금고 감독기준 제45조 (경영개선계획의 수립 및 추진) 기준: 기준에 해당하는 경우 장관은 중앙회에 경영개선계획을 수립하여 추진하도록 명령할 수 있습니다.,조문 번호보다 숫자·기간·비율·공식 주체·핵심용어를 구분하세요.,오답: 공식자료의 기준은 「경영개선계획」입니다.,정답: 기준에 해당하는 경우 장관은 중앙회에 경영개선계획을 수립하여 추진하도록 명령할 수 있습니다.,오답: 공식자료의 기준은 「경영개선계획」입니다.,오답: 공식자료의 기준은 「경영개선계획」입니다.,새마을금고 감독기준 제45조 (경영개선계획의 수립 및 추진),경영개선계획,D89,D02,FOCUS,
QRC2-163,RELEASE_READY_V09,SOURCE_REDESIGN_V09,건전성·경영실태평가,PRU-05,D42,기준형,3,경영실태평가등급 조정 여부를 판단할 때 함께 고려하는 것은?,출자좌수,회원명부,비계량평가 항목,선거공보,3,정답: 비계량평가 항목,새마을금고 감독기준 시행세칙 제10조 (경영실태평가등급 조정) 기준: 종합평가 후 일정 사유가 있으면 비계량평가 항목을 감안하여 평가등급 조정 여부를 판단합니다.,조문 번호 자체보다 기간·비율·금액·주체·핵심용어를 구분하세요.,오답: 공식자료의 기준은 「비계량평가 항목」입니다.,오답: 공식자료의 기준은 「비계량평가 항목」입니다.,정답: 종합평가 후 일정 사유가 있으면 비계량평가 항목을 감안하여 평가등급 조정 여부를 판단합니다.,오답: 공식자료의 기준은 「비계량평가 항목」입니다.,새마을금고 감독기준 시행세칙 제10조 (경영실태평가등급 조정),비계량평가 항목,D42,D04,FOCUS,
QRC2-164,RELEASE_READY_V09,SOURCE_REDESIGN_V09,감독·검사·제재·공시,SUP-03,D33,기간형,3,현장경영지도의 기본 기간은 최대 얼마인가?,3개월,2년,1년,6개월,4,정답: 6개월,새마을금고 감독기준 시행세칙 제14조 (현장경영지도 기간) 기준: 현장경영지도의 기간은 6개월 이내입니다.,조문 번호 자체보다 기간·비율·금액·주체·핵심용어를 구분하세요.,오답: 공식자료의 기준은 「6개월」입니다.,오답: 공식자료의 기준은 「6개월」입니다.,오답: 공식자료의 기준은 「6개월」입니다.,정답: 현장경영지도의 기간은 6개월 이내입니다.,새마을금고 감독기준 시행세칙 제14조 (현장경영지도 기간),6개월,D33,D04,FOCUS,
QRC2-165,RELEASE_READY_V09,SOURCE_REDESIGN_V09,여유자금·유가증권·리스크,INV-01,D47,등급형,3,둘 이상의 신용평가 결과가 서로 다르면 어떤 등급을 적용하는가?,가장 낮은 등급,가장 최근 등급,가장 높은 등급,평균 등급,1,정답: 가장 낮은 등급,새마을금고 감독기준 시행세칙 제24조의2 (정의) 기준: 둘 이상의 신용평가 결과가 다르면 가장 낮은 등급을 적용합니다.,조문 번호 자체보다 기간·비율·금액·주체·핵심용어를 구분하세요.,정답: 둘 이상의 신용평가 결과가 다르면 가장 낮은 등급을 적용합니다.,오답: 공식자료의 기준은 「가장 낮은 등급」입니다.,오답: 공식자료의 기준은 「가장 낮은 등급」입니다.,오답: 공식자료의 기준은 「가장 낮은 등급」입니다.,새마을금고 감독기준 시행세칙 제24조의2 (정의),가장 낮은 등급,D47,D02,FOCUS,
QRC2-166,RELEASE_READY_V09,SOURCE_REDESIGN_V09,여유자금·유가증권·리스크,INV-01,D47,금액형,3,강화된 자금운용인력 자격기준이 적용되는 운용금액 기준은?,100억원 이상,50억원 이상,30억원 이상,20억원 이상,2,정답: 50억원 이상,새마을금고 감독기준 시행세칙 제25조의3 (자금운용인력의 자격기준) 기준: 직전년도 말 관련 운용금액이 50억원 이상인 금고는 정해진 상위 자격증 중 하나를 반드시 보유해야 합니다.,조문 번호 자체보다 기간·비율·금액·주체·핵심용어를 구분하세요.,오답: 공식자료의 기준은 「50억원 이상」입니다.,정답: 직전년도 말 관련 운용금액이 50억원 이상인 금고는 정해진 상위 자격증 중 하나를 반드시 보유해야 합니다.,오답: 공식자료의 기준은 「50억원 이상」입니다.,오답: 공식자료의 기준은 「50억원 이상」입니다.,새마을금고 감독기준 시행세칙 제25조의3 (자금운용인력의 자격기준),50억원 이상,D47,D02,QUICK,
QRC2-167,RELEASE_READY_V09,SOURCE_REDESIGN_V09,여유자금·유가증권·리스크,INV-02,D48,신용등급형,3,일반적인 선순위 사채권의 최소 신용평가등급 기준은?,AA- 이상,A0 이상,A- 이상,BBB+ 이상,3,정답: A- 이상,새마을금고 감독기준 시행세칙 제27조의2 (여유자금의 운용 조건) 기준: 일반적인 선순위 사채권은 A- 이상의 신용평가등급이 기본 기준입니다. 일부 업종에는 더 높은 기준이 적용됩니다.,조문 번호 자체보다 기간·비율·금액·주체·핵심용어를 구분하세요.,오답: 공식자료의 기준은 「A- 이상」입니다.,오답: 공식자료의 기준은 「A- 이상」입니다.,정답: 일반적인 선순위 사채권은 A- 이상의 신용평가등급이 기본 기준입니다. 일부 업종에는 더 높은 기준이 적용됩니다.,오답: 공식자료의 기준은 「A- 이상」입니다.,새마을금고 감독기준 시행세칙 제27조의2 (여유자금의 운용 조건),A- 이상,D48,D05,FOCUS,
QRC2-168,RELEASE_READY_V09,SOURCE_REDESIGN_V09,여유자금·유가증권·리스크,INV-02,D48,복합형,3,동일 유가증권 운용한도의 기본 기준은?,자기자본 15%·최고 30억원,자기자본 5%·최고 10억원,자기자본 20%·최고 50억원,자기자본 10%·최고 20억원,4,정답: 자기자본 10%·최고 20억원,"새마을금고 감독기준 시행세칙 제28조 (증권 등에의 운용한도) 기준: 동일 유가증권의 기본 운용한도는 자기자본의 10% 이내, 최고 20억원입니다.",조문 번호 자체보다 기간·비율·금액·주체·핵심용어를 구분하세요.,오답: 공식자료의 기준은 「자기자본 10%·최고 20억원」입니다.,오답: 공식자료의 기준은 「자기자본 10%·최고 20억원」입니다.,오답: 공식자료의 기준은 「자기자본 10%·최고 20억원」입니다.,"정답: 동일 유가증권의 기본 운용한도는 자기자본의 10% 이내, 최고 20억원입니다.",새마을금고 감독기준 시행세칙 제28조 (증권 등에의 운용한도),자기자본 10%·최고 20억원,D48,D05,FOCUS,
QRC2-169,RELEASE_READY_V09,SOURCE_REDESIGN_V09,여유자금·유가증권·리스크,INV-02,D48,기간형,3,손절매 사유가 3영업일 내 회복되지 않으면 최초 사유발생일 이후 언제까지 매도해야 하는가?,10영업일 이내,5영업일 이내,15영업일 이내,20영업일 이내,1,정답: 10영업일 이내,새마을금고 감독기준 시행세칙 제28조의2 (여유자금운용 위험관리 조치) 기준: 손절매 사유가 3영업일 이내 회복되지 않으면 최초 사유발생일 이후 10영업일 이내 매도하는 것이 원칙입니다.,조문 번호 자체보다 기간·비율·금액·주체·핵심용어를 구분하세요.,정답: 손절매 사유가 3영업일 이내 회복되지 않으면 최초 사유발생일 이후 10영업일 이내 매도하는 것이 원칙입니다.,오답: 공식자료의 기준은 「10영업일 이내」입니다.,오답: 공식자료의 기준은 「10영업일 이내」입니다.,오답: 공식자료의 기준은 「10영업일 이내」입니다.,새마을금고 감독기준 시행세칙 제28조의2 (여유자금운용 위험관리 조치),10영업일 이내,D48,D05,FOCUS,
QRC2-170,RELEASE_READY_V09,SOURCE_REDESIGN_V09,여유자금·유가증권·리스크,INV-06,D52,주체형,3,중앙회 외 금융기관에 여유자금을 운용한 경우 사후 보고 대상은?,정기총회,감사위원회,최초로 개최되는 이사회,선거관리위원회,3,정답: 최초로 개최되는 이사회,새마을금고 감독기준 시행세칙 제29조 (여유자금운용의 사후관리) 기준: 중앙회 외 금융기관에 여유자금을 운용하면 관련 사항을 작성해 최초로 개최되는 이사회에 보고합니다.,조문 번호 자체보다 기간·비율·금액·주체·핵심용어를 구분하세요.,오답: 공식자료의 기준은 「최초로 개최되는 이사회」입니다.,오답: 공식자료의 기준은 「최초로 개최되는 이사회」입니다.,정답: 중앙회 외 금융기관에 여유자금을 운용하면 관련 사항을 작성해 최초로 개최되는 이사회에 보고합니다.,오답: 공식자료의 기준은 「최초로 개최되는 이사회」입니다.,새마을금고 감독기준 시행세칙 제29조 (여유자금운용의 사후관리),최초로 개최되는 이사회,D52,D02,QUICK,
QRC2-171,RELEASE_READY_V09,SOURCE_REDESIGN_V09,감독·검사·제재·공시,SUP-04,D36,기간형,3,정기공시는 결산일부터 언제까지 해야 하는가?,1개월 이내,3개월 이내,2개월 이내,6개월 이내,2,정답: 3개월 이내,새마을금고 감독기준 시행세칙 제31조 (정기공시) 기준: 정기공시는 결산일부터 3개월 이내에 해야 합니다.,조문 번호 자체보다 기간·비율·금액·주체·핵심용어를 구분하세요.,오답: 공식자료의 기준은 「3개월 이내」입니다.,정답: 정기공시는 결산일부터 3개월 이내에 해야 합니다.,오답: 공식자료의 기준은 「3개월 이내」입니다.,오답: 공식자료의 기준은 「3개월 이내」입니다.,새마을금고 감독기준 시행세칙 제31조 (정기공시),3개월 이내,D36,D05,QUICK,
QRC2-172,RELEASE_READY_V09,SOURCE_REDESIGN_V09,감독·검사·제재·공시,SUP-04,D36,원칙형,3,수시공시 사유가 발생했을 때 기본 조치는?,공시,정기공시,재공시,정정공시,1,정답: 공시,새마을금고 감독기준 시행세칙 제34조 (수시공시) 기준: 수시공시 사유에 해당하면 금고는 관련 내용을 공시하여야 합니다.,조문 번호보다 숫자·기간·비율·공식 주체·핵심용어를 구분하세요.,정답: 수시공시 사유에 해당하면 금고는 관련 내용을 공시하여야 합니다.,오답: 공식자료의 기준은 「공시」입니다.,오답: 공식자료의 기준은 「공시」입니다.,오답: 공식자료의 기준은 「공시」입니다.,새마을금고 감독기준 시행세칙 제34조 (수시공시),공시,D36,D05,FOCUS,
QRC2-173,RELEASE_READY_V09,SOURCE_REDESIGN_V09,사업·금융거래·공제,BUS-03,D23,계산형,3,같은 금융상품을 2개 이상 판매한 경우 월수입금액 산정은?,12개월 환산,일시납입,월납 환산,합산,4,정답: 합산,새마을금고 감독기준 시행세칙 제36조 (월수입금액 산출) 기준: 차용인 및 관계인에게 같은 금융상품을 2개 이상 판매한 경우 월수입금액 산정 시 합산합니다.,조문 번호보다 숫자·기간·비율·공식 주체·핵심용어를 구분하세요.,오답: 공식자료의 기준은 「합산」입니다.,오답: 공식자료의 기준은 「합산」입니다.,오답: 공식자료의 기준은 「합산」입니다.,정답: 차용인 및 관계인에게 같은 금융상품을 2개 이상 판매한 경우 월수입금액 산정 시 합산합니다.,새마을금고 감독기준 시행세칙 제36조 (월수입금액 산출),합산,D23,D02,QUICK,
QRC2-174,RELEASE_READY_V09,SOURCE_REDESIGN_V09,감독·검사·제재·공시,SUP-05,D37,기간형,3,금고의 월말 기준 감독자료는 원칙적으로 다음 달 언제까지 회장에게 제출하는가?,말일까지,15일까지,10일까지,5일까지,3,정답: 10일까지,새마을금고 감독기준 시행세칙 제39조 (금고의 자료 등 제출) 기준: 연체대출금·여유자금운용·자산건전성분류 등 월말 기준 자료는 다음 달 10일까지 회장에게 제출합니다.,조문 번호 자체보다 기간·비율·금액·주체·핵심용어를 구분하세요.,오답: 공식자료의 기준은 「10일까지」입니다.,오답: 공식자료의 기준은 「10일까지」입니다.,정답: 연체대출금·여유자금운용·자산건전성분류 등 월말 기준 자료는 다음 달 10일까지 회장에게 제출합니다.,오답: 공식자료의 기준은 「10일까지」입니다.,새마을금고 감독기준 시행세칙 제39조 (금고의 자료 등 제출),10일까지,D37,D05,FOCUS,
QRC2-175,RELEASE_READY_V09,SOURCE_REDESIGN_V09,중앙회,CEN-01,D77,비율형,3,금고가 배당받는 금액 중 회전출자금으로 출자하는 비율은?,10%,20%,30%,15%,2,정답: 20%,새마을금고중앙회 정관 제12조의3 (회전출자) 기준: 금고는 배당받는 금액 중 20% 해당액을 회전출자금으로 중앙회에 출자합니다.,조문 번호 자체보다 기간·비율·금액·주체·핵심용어를 구분하세요.,오답: 공식자료의 기준은 「20%」입니다.,정답: 금고는 배당받는 금액 중 20% 해당액을 회전출자금으로 중앙회에 출자합니다.,오답: 공식자료의 기준은 「20%」입니다.,오답: 공식자료의 기준은 「20%」입니다.,새마을금고중앙회 정관 제12조의3 (회전출자),20%,D77,D02,FOCUS,
QRC2-176,RELEASE_READY_V09,SOURCE_REDESIGN_V09,중앙회,CEN-02,D79,기간형,3,회장이 정당한 이유 없이 필요한 총회를 개최하지 않을 때 감사위원장의 소집절차 기한은?,5일 이내,3일 이내,14일 이내,7일 이내,1,정답: 5일 이내,새마을금고중앙회 정관 제19조 (감사위원장의 총회소집) 기준: 회장이 정당한 이유 없이 필요한 총회를 개최하지 않은 경우 감사위원장은 5일 이내 총회 소집절차를 취합니다.,조문 번호 자체보다 기간·비율·금액·주체·핵심용어를 구분하세요.,정답: 회장이 정당한 이유 없이 필요한 총회를 개최하지 않은 경우 감사위원장은 5일 이내 총회 소집절차를 취합니다.,오답: 공식자료의 기준은 「5일 이내」입니다.,오답: 공식자료의 기준은 「5일 이내」입니다.,오답: 공식자료의 기준은 「5일 이내」입니다.,새마을금고중앙회 정관 제19조 (감사위원장의 총회소집),5일 이내,D79,D02,FOCUS,
QRC2-177,RELEASE_READY_V09,SOURCE_REDESIGN_V09,중앙회,CEN-02,D79,숫자형,3,중앙회에 총회를 갈음하는 대의원회를 두는 금고 수 기준은?,"1,000개 초과",300개 초과,100개 초과,500개 초과,4,정답: 500개 초과,새마을금고중앙회 정관 제26조 (대의원회) 기준: 중앙회는 금고가 500개를 초과하는 경우 총회에 갈음하는 대의원회를 둡니다.,조문 번호 자체보다 기간·비율·금액·주체·핵심용어를 구분하세요.,오답: 공식자료의 기준은 「500개 초과」입니다.,오답: 공식자료의 기준은 「500개 초과」입니다.,오답: 공식자료의 기준은 「500개 초과」입니다.,정답: 중앙회는 금고가 500개를 초과하는 경우 총회에 갈음하는 대의원회를 둡니다.,새마을금고중앙회 정관 제26조 (대의원회),500개 초과,D79,D02,QUICK,
QRC2-178,RELEASE_READY_V09,SOURCE_REDESIGN_V09,중앙회,CEN-02,D79,주기형,3,중앙회 이사회는 원칙적으로 얼마나 자주 개최하는가?,매월 1회 이상,매년 1회 이상,매분기 1회 이상,반기 1회 이상,3,정답: 매분기 1회 이상,새마을금고중앙회 정관 제33조 (이사회의 소집방법) 기준: 중앙회 이사회는 매분기마다 1회 이상 개최하는 것을 원칙으로 합니다.,조문 번호 자체보다 기간·비율·금액·주체·핵심용어를 구분하세요.,오답: 공식자료의 기준은 「매분기 1회 이상」입니다.,오답: 공식자료의 기준은 「매분기 1회 이상」입니다.,정답: 중앙회 이사회는 매분기마다 1회 이상 개최하는 것을 원칙으로 합니다.,오답: 공식자료의 기준은 「매분기 1회 이상」입니다.,새마을금고중앙회 정관 제33조 (이사회의 소집방법),매분기 1회 이상,D79,D02,FOCUS,
QRC2-179,RELEASE_READY_V09,SOURCE_REDESIGN_V09,중앙회,CEN-03,D81,정수형,3,중앙회 선거관리위원회 위원 수는?,3명 이상 5명 이내,5명 이상 7명 이내,9명 이상 11명 이내,7명 이상 9명 이내,2,정답: 5명 이상 7명 이내,새마을금고중앙회 정관 제45조의3 (위원회의 구성) 기준: 중앙회 선거관리위원회는 5명 이상 7명 이내의 위원으로 구성합니다.,조문 번호 자체보다 기간·비율·금액·주체·핵심용어를 구분하세요.,오답: 공식자료의 기준은 「5명 이상 7명 이내」입니다.,정답: 중앙회 선거관리위원회는 5명 이상 7명 이내의 위원으로 구성합니다.,오답: 공식자료의 기준은 「5명 이상 7명 이내」입니다.,오답: 공식자료의 기준은 「5명 이상 7명 이내」입니다.,새마을금고중앙회 정관 제45조의3 (위원회의 구성),5명 이상 7명 이내,D81,D02,QUICK,
QRC2-180,RELEASE_READY_V09,SOURCE_REDESIGN_V09,중앙회,CEN-03,D81,주체형,3,중앙회 임원·대의원 선거에서 선거운동을 할 수 있는 사람은?,금고 임직원,후보자,선거관리위원,대의원 전원,2,정답: 후보자,새마을금고중앙회 정관 제46조 (선거운동) 기준: 중앙회 임원 또는 대의원 선거의 선거운동을 할 수 있는 사람은 후보자에 한정됩니다.,조문 번호 자체보다 기간·비율·금액·주체·핵심용어를 구분하세요.,오답: 공식자료의 기준은 「후보자」입니다.,정답: 중앙회 임원 또는 대의원 선거의 선거운동을 할 수 있는 사람은 후보자에 한정됩니다.,오답: 공식자료의 기준은 「후보자」입니다.,오답: 공식자료의 기준은 「후보자」입니다.,새마을금고중앙회 정관 제46조 (선거운동),후보자,D81,D02,FOCUS,
QRC2-181,RELEASE_READY_V09,SOURCE_REDESIGN_V09,중앙회,CEN-03,D81,기간형,3,중앙회 회장을 포함한 이사의 임기는?,3년,2년,4년,5년,3,정답: 4년,새마을금고중앙회 정관 제48조 (임원의 임기) 기준: 중앙회 회장을 포함한 이사의 임기는 4년이고 감사위원의 임기는 3년입니다.,조문 번호 자체보다 기간·비율·금액·주체·핵심용어를 구분하세요.,오답: 공식자료의 기준은 「4년」입니다.,오답: 공식자료의 기준은 「4년」입니다.,정답: 중앙회 회장을 포함한 이사의 임기는 4년이고 감사위원의 임기는 3년입니다.,오답: 공식자료의 기준은 「4년」입니다.,새마을금고중앙회 정관 제48조 (임원의 임기),4년,D81,D02,FOCUS,
QRC2-182,RELEASE_READY_V09,SOURCE_REDESIGN_V09,중앙회,CEN-04,D84,비율형,3,중앙회의 소요자금 차입한도는 출자금 총액과 적립금 합계액의 몇 배를 초과할 수 없는가?,10배,3배,2배,5배,4,정답: 5배,새마을금고중앙회 정관 제59조 (사업의 종류 등) 기준: 중앙회의 소요자금 차입한도는 출자금 총액과 적립금 합계액의 5배를 초과할 수 없습니다.,조문 번호 자체보다 기간·비율·금액·주체·핵심용어를 구분하세요.,오답: 공식자료의 기준은 「5배」입니다.,오답: 공식자료의 기준은 「5배」입니다.,오답: 공식자료의 기준은 「5배」입니다.,정답: 중앙회의 소요자금 차입한도는 출자금 총액과 적립금 합계액의 5배를 초과할 수 없습니다.,새마을금고중앙회 정관 제59조 (사업의 종류 등),5배,D84,D02,FOCUS,
QRC2-183,RELEASE_READY_V09,SOURCE_REDESIGN_V09,중앙회,CEN-05,D85,비율형,3,신설 금고가 추가로 내는 출연금의 비율 상한은 납입출자금의?,10%,5%,15%,20%,1,정답: 10%,새마을금고중앙회 정관 제64조 (준비금의 조성) 기준: 신설 금고의 추가 출연금은 납입출자금의 10%를 초과하지 않는 범위에서 정한 비율을 적용합니다.,조문 번호 자체보다 기간·비율·금액·주체·핵심용어를 구분하세요.,정답: 신설 금고의 추가 출연금은 납입출자금의 10%를 초과하지 않는 범위에서 정한 비율을 적용합니다.,오답: 공식자료의 기준은 「10%」입니다.,오답: 공식자료의 기준은 「10%」입니다.,오답: 공식자료의 기준은 「10%」입니다.,새마을금고중앙회 정관 제64조 (준비금의 조성),10%,D85,D02,FOCUS,
QRC2-184,RELEASE_READY_V09,SOURCE_REDESIGN_V09,중앙회,CEN-06,D87,기간형,3,중앙회는 사업연도 경과 후 언제까지 결산을 완료해야 하는가?,1개월 이내,2개월 이내,3개월 이내,6개월 이내,2,정답: 2개월 이내,새마을금고중앙회 정관 제68조 (사업계획과 예산) 기준: 중앙회는 사업연도 경과 후 2개월 이내에 해당 사업연도 결산을 완료합니다.,조문 번호 자체보다 기간·비율·금액·주체·핵심용어를 구분하세요.,오답: 공식자료의 기준은 「2개월 이내」입니다.,정답: 중앙회는 사업연도 경과 후 2개월 이내에 해당 사업연도 결산을 완료합니다.,오답: 공식자료의 기준은 「2개월 이내」입니다.,오답: 공식자료의 기준은 「2개월 이내」입니다.,새마을금고중앙회 정관 제68조 (사업계획과 예산),2개월 이내,D87,D02,FOCUS,
QRC2-185,RELEASE_READY_V09,SOURCE_REDESIGN_V09,중앙회,CEN-06,D87,절차형,3,중앙회 잉여금 배당의 순서로 맞는 것은?,금고 → 우선출자자,감사위원 → 금고,우선출자자 → 금고,회장 → 금고,3,정답: 우선출자자 → 금고,새마을금고중앙회 정관 제72조 (잉여금의 배당) 기준: 결손 보전과 적립금 공제 후 잉여금은 총회 의결에 따라 우선출자자에게 배당한 후 금고에 배당합니다.,조문 번호 자체보다 기간·비율·금액·주체·핵심용어를 구분하세요.,오답: 공식자료의 기준은 「우선출자자 → 금고」입니다.,오답: 공식자료의 기준은 「우선출자자 → 금고」입니다.,정답: 결손 보전과 적립금 공제 후 잉여금은 총회 의결에 따라 우선출자자에게 배당한 후 금고에 배당합니다.,오답: 공식자료의 기준은 「우선출자자 → 금고」입니다.,새마을금고중앙회 정관 제72조 (잉여금의 배당),우선출자자 → 금고,D87,D02,FOCUS,
QRC2-186,RELEASE_READY_V09_1_CONTEXT_AUDIT,SOURCE_REDESIGN_V09,중앙회,CEN-06,D87,기간형,3,중앙회 경영공시의 세부기준을 정할 수 있는 사람은?,대의원,이사장,주무부장관,회장,4,정답: 회장,새마을금고중앙회 정관 제72조의2 (경영공시) 기준: 중앙회 정관은 회장이 구체적인 경영공시 항목과 공시방법의 세부기준을 따로 정할 수 있도록 합니다.,조문 번호보다 숫자·기간·비율·공식 주체·핵심용어를 구분하세요.,오답: 이 문항의 기준은 「회장」입니다.,오답: 이 문항의 기준은 「회장」입니다.,오답: 이 문항의 기준은 「회장」입니다.,정답: 중앙회 정관은 회장이 구체적인 경영공시 항목과 공시방법의 세부기준을 따로 정할 수 있도록 합니다.,새마을금고중앙회 정관 제72조의2 (경영공시),회장,D87,D02,FOCUS,
QRC2-187,RELEASE_READY_V09,SOURCE_REDESIGN_V09,중앙회,CEN-06,D87,원칙형,3,우선출자 배당은 일반 출자 배당과 비교해 어떻게 실시하는가?,우선하여 실시,동시에 실시,나중에 실시,배당하지 않는다,1,정답: 우선하여 실시,새마을금고중앙회 정관 제72조의4 (우선출자에 대한 배당) 기준: 우선출자에 대한 배당은 일반 출자에 대한 배당보다 우선하여 실시합니다.,조문 번호 자체보다 기간·비율·금액·주체·핵심용어를 구분하세요.,정답: 우선출자에 대한 배당은 일반 출자에 대한 배당보다 우선하여 실시합니다.,오답: 공식자료의 기준은 「우선하여 실시」입니다.,오답: 공식자료의 기준은 「우선하여 실시」입니다.,오답: 공식자료의 기준은 「우선하여 실시」입니다.,새마을금고중앙회 정관 제72조의4 (우선출자에 대한 배당),우선하여 실시,D87,D02,FOCUS,
QRC2-188,RELEASE_READY_V09,SOURCE_REDESIGN_V09,중앙회,CEN-07,D89,주체형,3,회장은 금고를 최소 얼마나 자주 검사해야 하는가?,3년마다 1회 이상,2년마다 1회 이상,5년마다 1회 이상,매년 1회 이상,2,정답: 2년마다 1회 이상,새마을금고중앙회 정관 제73조 (금고지도·감독) 기준: 중앙회 정관상 회장은 금고의 재산 및 업무집행상황을 2년마다 1회 이상 검사해야 하며 필요하면 수시검사도 할 수 있습니다.,조문 번호보다 숫자·기간·비율·공식 주체·핵심용어를 구분하세요.,오답: 공식자료의 기준은 「2년마다 1회 이상」입니다.,정답: 중앙회 정관상 회장은 금고의 재산 및 업무집행상황을 2년마다 1회 이상 검사해야 하며 필요하면 수시검사도 할 수 있습니다.,오답: 공식자료의 기준은 「2년마다 1회 이상」입니다.,오답: 공식자료의 기준은 「2년마다 1회 이상」입니다.,새마을금고중앙회 정관 제73조 (금고지도·감독),2년마다 1회 이상,D89,D02,FOCUS,
QRC2-189,RELEASE_READY_V09,SOURCE_REDESIGN_V09,회원·출자,MEM-02,D06,원칙형,3,회원의 의결권과 선거권은 출자좌수에 따라 달라지는가?,10좌부터 인정된다,좌수에 비례한다,관계없이 평등하다,100좌부터 인정된다,3,정답: 관계없이 평등하다,새마을금고 정관(예) 제10조 (의결권 등) 기준: 회원은 출자좌수와 관계없이 평등한 의결권과 선거권을 가집니다.,조문 번호 자체보다 기간·비율·금액·주체·핵심용어를 구분하세요.,오답: 공식자료의 기준은 「관계없이 평등하다」입니다.,오답: 공식자료의 기준은 「관계없이 평등하다」입니다.,정답: 회원은 출자좌수와 관계없이 평등한 의결권과 선거권을 가집니다.,오답: 공식자료의 기준은 「관계없이 평등하다」입니다.,새마을금고 정관(예) 제10조 (의결권 등),관계없이 평등하다,D06,D01,FOCUS,
QRC2-190,RELEASE_READY_V09,SOURCE_REDESIGN_V09,회원·출자,MEM-03,D07,금액형,3,금고 정관(예) 비고에서 정한 출자 1좌 금액의 최저 기준은?,"20,000원 이상","100,000원 이상","50,000원 이상","10,000원 이상",1,"정답: 20,000원 이상","새마을금고 정관(예) 제15조 (출자금액과 납입방법) 기준: 금고 정관(예)의 비고는 출자 1좌의 금액을 20,000원 이상으로 정하도록 합니다.",조문 번호 자체보다 기간·비율·금액·주체·핵심용어를 구분하세요.,"정답: 금고 정관(예)의 비고는 출자 1좌의 금액을 20,000원 이상으로 정하도록 합니다.","오답: 공식자료의 기준은 「20,000원 이상」입니다.","오답: 공식자료의 기준은 「20,000원 이상」입니다.","오답: 공식자료의 기준은 「20,000원 이상」입니다.",새마을금고 정관(예) 제15조 (출자금액과 납입방법),"20,000원 이상",D07,D01,FOCUS,
QRC2-191,RELEASE_READY_V09,SOURCE_REDESIGN_V09,회원·출자,MEM-03,D07,비율형,3,우선출자 총액은 납입출자금의 어느 범위를 초과할 수 없는가?,3분의 1,3분의 2,전액,2분의 1,4,정답: 2분의 1,새마을금고 정관(예) 제15조의4 (우선출자) 기준: 우선출자 총액은 납입출자금의 2분의 1을 초과할 수 없습니다.,조문 번호 자체보다 기간·비율·금액·주체·핵심용어를 구분하세요.,오답: 공식자료의 기준은 「2분의 1」입니다.,오답: 공식자료의 기준은 「2분의 1」입니다.,오답: 공식자료의 기준은 「2분의 1」입니다.,정답: 우선출자 총액은 납입출자금의 2분의 1을 초과할 수 없습니다.,새마을금고 정관(예) 제15조의4 (우선출자),2분의 1,D07,D01,FOCUS,
QRC2-192,RELEASE_READY_V09,SOURCE_REDESIGN_V09,기관,GOV-01,D09,기간형,3,감사가 총회를 소집해야 하는 경우 소집 기한은?,3일 이내,7일 이내,5일 이내,14일 이내,3,정답: 5일 이내,새마을금고 정관(예) 제20조 (감사의 총회소집) 기준: 정관이 정한 사유에 해당하면 감사가 5일 이내 총회를 소집합니다.,조문 번호 자체보다 기간·비율·금액·주체·핵심용어를 구분하세요.,오답: 공식자료의 기준은 「5일 이내」입니다.,오답: 공식자료의 기준은 「5일 이내」입니다.,정답: 정관이 정한 사유에 해당하면 감사가 5일 이내 총회를 소집합니다.,오답: 공식자료의 기준은 「5일 이내」입니다.,새마을금고 정관(예) 제20조 (감사의 총회소집),5일 이내,D09,D01,QUICK,
QRC2-193,RELEASE_READY_V09,SOURCE_REDESIGN_V09,기관,GOV-01,D09,기간형,3,금고 총회 소집 공고·통지는 개최일 며칠 전까지 해야 하는가?,14일 전,7일 전,5일 전,3일 전,2,정답: 7일 전,새마을금고 정관(예) 제23조 (총회의 소집방법) 기준: 총회는 개최일 7일 전까지 일시·장소·목적사항 등을 공고하고 회원에게 통지합니다.,조문 번호 자체보다 기간·비율·금액·주체·핵심용어를 구분하세요.,오답: 공식자료의 기준은 「7일 전」입니다.,정답: 총회는 개최일 7일 전까지 일시·장소·목적사항 등을 공고하고 회원에게 통지합니다.,오답: 공식자료의 기준은 「7일 전」입니다.,오답: 공식자료의 기준은 「7일 전」입니다.,새마을금고 정관(예) 제23조 (총회의 소집방법),7일 전,D09,D01,FOCUS,
QRC2-194,RELEASE_READY_V09,SOURCE_REDESIGN_V09,기관,GOV-03,D11,개념형,3,금고의 대의원회는 무엇을 갈음하는 기관인가?,총회,선거관리위원회,이사회,감사,1,정답: 총회,새마을금고 정관(예) 제28조 (대의원회) 기준: 대의원회를 두는 금고에서 대의원회는 총회를 갈음합니다.,조문 번호 자체보다 기간·비율·금액·주체·핵심용어를 구분하세요.,정답: 대의원회를 두는 금고에서 대의원회는 총회를 갈음합니다.,오답: 공식자료의 기준은 「총회」입니다.,오답: 공식자료의 기준은 「총회」입니다.,오답: 공식자료의 기준은 「총회」입니다.,새마을금고 정관(예) 제28조 (대의원회),총회,D11,D01,FOCUS,
QRC2-195,RELEASE_READY_V09,SOURCE_REDESIGN_V09,기관,GOV-04,D12,주기형,3,금고 이사회 소집통지는 원칙적으로 개최 며칠 전까지 하는가?,7일 전,5일 전,10일 전,3일 전,4,정답: 3일 전,새마을금고 정관(예) 제30조 (이사회 소집) 기준: 금고 이사회 소집은 원칙적으로 개최일 3일 전까지 회의 일시·장소·목적사항 등을 서면으로 통지합니다.,조문 번호보다 숫자·기간·비율·공식 주체·핵심용어를 구분하세요.,오답: 공식자료의 기준은 「3일 전」입니다.,오답: 공식자료의 기준은 「3일 전」입니다.,오답: 공식자료의 기준은 「3일 전」입니다.,정답: 금고 이사회 소집은 원칙적으로 개최일 3일 전까지 회의 일시·장소·목적사항 등을 서면으로 통지합니다.,새마을금고 정관(예) 제30조 (이사회 소집),3일 전,D12,D01,FOCUS,
QRC2-196,RELEASE_READY_V09,SOURCE_REDESIGN_V09,임원·직원·선거,HR-01,D15,정수형,3,금고 정관(예) 비고에서 정한 이사의 정수 범위는?,7명 이상 20명 이하,10명 이상 20명 이하,7명 이상 15명 이하,5명 이상 10명 이하,3,정답: 7명 이상 15명 이하,새마을금고 정관(예) 제37조 (임원의 정수) 기준: 금고 실정에 따라 이사장 1명을 포함한 이사 7명 이상 15명 이하로 정할 수 있습니다.,조문 번호 자체보다 기간·비율·금액·주체·핵심용어를 구분하세요.,오답: 공식자료의 기준은 「7명 이상 15명 이하」입니다.,오답: 공식자료의 기준은 「7명 이상 15명 이하」입니다.,정답: 금고 실정에 따라 이사장 1명을 포함한 이사 7명 이상 15명 이하로 정할 수 있습니다.,오답: 공식자료의 기준은 「7명 이상 15명 이하」입니다.,새마을금고 정관(예) 제37조 (임원의 정수),7명 이상 15명 이하,D15,D01,FOCUS,
QRC2-197,RELEASE_READY_V09,SOURCE_REDESIGN_V09,임원·직원·선거,HR-01,D15,복합형,3,임원선거공고일 현재 임원 자격을 위한 납입출자 보유 기준 중 하나는?,50좌 이상·1년 이상,100좌 이상·2년 이상,200좌 이상·2년 이상,100좌 이상·1년 이상,2,정답: 100좌 이상·2년 이상,새마을금고 정관(예) 제39조 (임원의 결격사유) 기준: 임원 결격사유 기준에는 납입출자금 100좌 이상을 2년 이상 계속 보유하지 않은 경우가 포함됩니다.,조문 번호 자체보다 기간·비율·금액·주체·핵심용어를 구분하세요.,오답: 공식자료의 기준은 「100좌 이상·2년 이상」입니다.,정답: 임원 결격사유 기준에는 납입출자금 100좌 이상을 2년 이상 계속 보유하지 않은 경우가 포함됩니다.,오답: 공식자료의 기준은 「100좌 이상·2년 이상」입니다.,오답: 공식자료의 기준은 「100좌 이상·2년 이상」입니다.,새마을금고 정관(예) 제39조 (임원의 결격사유),100좌 이상·2년 이상,D15,D01,FOCUS,
QRC2-198,RELEASE_READY_V09,SOURCE_REDESIGN_V09,임원·직원·선거,HR-04,D18,기간형,3,금고 선거관리위원회의 설치기간은 선거일 후 언제까지 이어지는가?,2개월,3개월,1개월,6개월,1,정답: 2개월,새마을금고 정관(예) 제40조의3 (선거관리위원회의 설치) 기준: 선거관리위원회 설치기간은 정해진 시작일부터 선거일 후 2개월이 되는 날까지입니다.,조문 번호 자체보다 기간·비율·금액·주체·핵심용어를 구분하세요.,정답: 선거관리위원회 설치기간은 정해진 시작일부터 선거일 후 2개월이 되는 날까지입니다.,오답: 공식자료의 기준은 「2개월」입니다.,오답: 공식자료의 기준은 「2개월」입니다.,오답: 공식자료의 기준은 「2개월」입니다.,새마을금고 정관(예) 제40조의3 (선거관리위원회의 설치),2개월,D18,D01,FOCUS,
QRC2-199,RELEASE_READY_V09,SOURCE_REDESIGN_V09,임원·직원·선거,HR-04,D18,정수형,3,금고 선거관리위원 중 비회원은 최소 몇 명이어야 하는가?,1명,3명,4명,2명,4,정답: 2명,새마을금고 정관(예) 제40조의4 (위원회의 구성) 기준: 금고 선거관리위원회 위원 중 2명 이상은 정해진 자격을 갖춘 금고 회원이 아닌 사람으로 위촉해야 합니다.,조문 번호보다 숫자·기간·비율·공식 주체·핵심용어를 구분하세요.,오답: 공식자료의 기준은 「2명」입니다.,오답: 공식자료의 기준은 「2명」입니다.,오답: 공식자료의 기준은 「2명」입니다.,정답: 금고 선거관리위원회 위원 중 2명 이상은 정해진 자격을 갖춘 금고 회원이 아닌 사람으로 위촉해야 합니다.,새마을금고 정관(예) 제40조의4 (위원회의 구성),2명,D18,D01,FOCUS,
QRC2-200,RELEASE_READY_V09,SOURCE_REDESIGN_V09,사업·금융거래·공제,BUS-01,D21,비율형,3,금고가 다른 법인에 출자할 때 동일 법인에 대한 출자한도는 출자금총액과 적립금 합계액의?,20% 이하,30% 이하,10% 이하,50% 이하,1,정답: 20% 이하,새마을금고 정관(예) 제48조 (사업의 종류) 기준: 동일 법인에 대한 출자한도는 출자금총액과 적립금 합계액의 20%를 초과할 수 없습니다.,조문 번호 자체보다 기간·비율·금액·주체·핵심용어를 구분하세요.,정답: 동일 법인에 대한 출자한도는 출자금총액과 적립금 합계액의 20%를 초과할 수 없습니다.,오답: 공식자료의 기준은 「20% 이하」입니다.,오답: 공식자료의 기준은 「20% 이하」입니다.,오답: 공식자료의 기준은 「20% 이하」입니다.,새마을금고 정관(예) 제48조 (사업의 종류),20% 이하,D21,D02,QUICK,
QRC2-201,RELEASE_READY_V09,SOURCE_REDESIGN_V09,회계·재무·결산,ACC-09,D68,비율형,3,금고가 매 사업연도 법정적립금으로 적립해야 하는 잉여금의 최소 비율은?,10% 이상,20% 이상,30% 이상,15% 이상,4,정답: 15% 이상,새마을금고 정관(예) 제56조 (적립금) 기준: 금고는 자기자본 총액에 달할 때까지 매 사업연도 잉여금의 15% 이상을 법정적립금으로 적립합니다.,조문 번호 자체보다 기간·비율·금액·주체·핵심용어를 구분하세요.,오답: 공식자료의 기준은 「15% 이상」입니다.,오답: 공식자료의 기준은 「15% 이상」입니다.,오답: 공식자료의 기준은 「15% 이상」입니다.,정답: 금고는 자기자본 총액에 달할 때까지 매 사업연도 잉여금의 15% 이상을 법정적립금으로 적립합니다.,새마을금고 정관(예) 제56조 (적립금),15% 이상,D68,D05,QUICK,
QRC2-202,RELEASE_READY_V09,SOURCE_REDESIGN_V09,회계·재무·결산,ACC-09,D68,비율형,3,금고 자본금 감소 의결에 필요한 출석회원 찬성비율은?,5분의 3 이상,과반수,3분의 2 이상,4분의 3 이상,3,정답: 3분의 2 이상,새마을금고 정관(예) 제58조 (자본금의 감소) 기준: 자본금 감소에는 회원 과반수 출석과 출석회원 3분의 2 이상의 찬성이 필요합니다.,조문 번호 자체보다 기간·비율·금액·주체·핵심용어를 구분하세요.,오답: 공식자료의 기준은 「3분의 2 이상」입니다.,오답: 공식자료의 기준은 「3분의 2 이상」입니다.,정답: 자본금 감소에는 회원 과반수 출석과 출석회원 3분의 2 이상의 찬성이 필요합니다.,오답: 공식자료의 기준은 「3분의 2 이상」입니다.,새마을금고 정관(예) 제58조 (자본금의 감소),3분의 2 이상,D68,D05,FOCUS,
QRC2-203,RELEASE_READY_V09,SOURCE_REDESIGN_V09,회계·재무·결산,ACC-09,D68,주체형,3,손실 보전과 적립금 공제 후 잉여금 배당을 최종 의결하는 기관은?,이사회,총회,선거관리위원회,감사,2,정답: 총회,새마을금고 정관(예) 제59조 (잉여금의 배당) 기준: 잔여 잉여금은 총회의 의결에 따라 회원에게 배당합니다.,조문 번호 자체보다 기간·비율·금액·주체·핵심용어를 구분하세요.,오답: 공식자료의 기준은 「총회」입니다.,정답: 잔여 잉여금은 총회의 의결에 따라 회원에게 배당합니다.,오답: 공식자료의 기준은 「총회」입니다.,오답: 공식자료의 기준은 「총회」입니다.,새마을금고 정관(예) 제59조 (잉여금의 배당),총회,D68,D05,FOCUS,
QRC2-204,RELEASE_READY_V09,SOURCE_REDESIGN_V09,회계·재무·결산,ACC-09,D68,기간형,3,금고 경영공시를 하는 주체는?,이사장,총회,회장,감사,1,정답: 이사장,새마을금고 정관(예) 제59조의2 (경영공시) 기준: 금고 정관(예)은 이사장이 결산일부터 3개월 이내에 경영공시를 하도록 정합니다.,조문 번호보다 숫자·기간·비율·공식 주체·핵심용어를 구분하세요.,정답: 금고 정관(예)은 이사장이 결산일부터 3개월 이내에 경영공시를 하도록 정합니다.,오답: 공식자료의 기준은 「이사장」입니다.,오답: 공식자료의 기준은 「이사장」입니다.,오답: 공식자료의 기준은 「이사장」입니다.,새마을금고 정관(예) 제59조의2 (경영공시),이사장,D68,D05,FOCUS,
QRC2-205,RELEASE_READY_V09,SOURCE_REDESIGN_V09,합병·해산·등기,EXIT-02,D28,예외형,3,다음 중 금고의 해산 사유가 아닌 것은?,합병,파산,총회 의결,임의적립금 적립,4,정답: 임의적립금 적립,"새마을금고 정관(예) 제61조 (해산) 기준: 해산 사유에는 총회 의결, 합병, 파산, 설립인가 취소 등이 포함되며 임의적립금 적립은 해산 사유가 아닙니다.",조문 번호 자체보다 기간·비율·금액·주체·핵심용어를 구분하세요.,오답: 공식자료의 기준은 「임의적립금 적립」입니다.,오답: 공식자료의 기준은 「임의적립금 적립」입니다.,오답: 공식자료의 기준은 「임의적립금 적립」입니다.,"정답: 해산 사유에는 총회 의결, 합병, 파산, 설립인가 취소 등이 포함되며 임의적립금 적립은 해산 사유가 아닙니다.",새마을금고 정관(예) 제61조 (해산),임의적립금 적립,D28,D05,FOCUS,
QRC2-206,RELEASE_READY,SUPPLEMENT_REBUILD_C7,건전성·경영실태평가,PRU-04,D41,기준형,3,미사용약정 신용환산금액에 적용하는 위험가중치 기준으로 옳은 것은?,항상 100%의 위험가중치를 적용한다,항상 20%의 위험가중치를 적용한다,해당 채권과 동일한 위험가중치를 적용한다,위험가중자산 산정에서 제외한다,3,미사용약정 신용환산금액에는 해당 채권과 동일한 위험가중치를 적용한다.,"별첨 1은 미사용약정의 신용환산금액을 별도의 고정 비율로 보지 않고, 그 약정이 연결된 해당 채권의 위험가중치를 그대로 적용하도록 한다.",신용환산율과 위험가중치를 혼동해 40%·100% 같은 하나의 비율로 외우면 틀리기 쉽다.,오답: 원자료가 정한 항목·수치·분류 또는 적용조건과 일치하지 않습니다.,오답: 원자료가 정한 항목·수치·분류 또는 적용조건과 일치하지 않습니다.,정답: 원자료의 직접 기준과 일치합니다.,오답: 원자료가 정한 항목·수치·분류 또는 적용조건과 일치하지 않습니다.,새마을금고 감독기준 [별첨 1] 재무상태표 자산의 위험가중치,미사용약정 위험가중치 = 해당 채권과 동일,D41,D04,FOCUS,
QRC2-207,RELEASE_READY,SUPPLEMENT_REBUILD_C7,건전성·경영실태평가,PRU-05,D42,기준형,3,경영실태평가에서 자산건전성 부문의 계량지표가 아닌 것은?,고정이하여신비율,총자산순이익률,연체대출금비율,손실위험도가중여신비율,2,총자산순이익률은 자산건전성이 아니라 수익성 부문의 계량지표이다.,"자산건전성의 계량지표에는 손실위험도가중여신비율, 고정이하여신비율, 연체대출금비율이 포함된다. 총자산순이익률은 수익성 부문에 속한다.",평가부문 이름보다 익숙한 재무비율인지 여부만 보고 고르면 총자산순이익률을 자산건전성으로 착각하기 쉽다.,오답: 원자료가 정한 항목·수치·분류 또는 적용조건과 일치하지 않습니다.,정답: 원자료의 직접 기준과 일치합니다.,오답: 원자료가 정한 항목·수치·분류 또는 적용조건과 일치하지 않습니다.,오답: 원자료가 정한 항목·수치·분류 또는 적용조건과 일치하지 않습니다.,새마을금고 감독기준 [별표 1] 경영실태평가 부문별 평가항목,자산건전성 = 손실위험·고정이하·연체 / ROA는 수익성,D42,D04,FOCUS,
QRC2-208,RELEASE_READY,SUPPLEMENT_REBUILD_C7,건전성·경영실태평가,PRU-01,D38,기준형,3,"분기별 경영실태평가 결과, 요주의에 포함되는 금고 대출금은 몇 등급 금고인가?",4등급,3등급,1등급,2등급,1,분기별 계량지표 경영실태평가 결과 4등급인 새마을금고에 대한 대출금이 대상이다.,"별표 2는 중앙회가 포함해야 할 사항으로 4등급 금고에 대한 대출금을 명시하며, 예탁금 등을 담보로 취급한 경우는 제외한다.",경영실태평가의 3등급과 자산건전성의 고정 분류를 연결해 3등급으로 오인하기 쉽다.,정답: 원자료의 직접 기준과 일치합니다.,오답: 원자료가 정한 항목·수치·분류 또는 적용조건과 일치하지 않습니다.,오답: 원자료가 정한 항목·수치·분류 또는 적용조건과 일치하지 않습니다.,오답: 원자료가 정한 항목·수치·분류 또는 적용조건과 일치하지 않습니다.,새마을금고 감독기준 [별표 2] 자산건전성 분류기준,계량평가 4등급 금고 대출금 → 요주의 검토,D38,D03,FOCUS,
QRC2-209,RELEASE_READY,SUPPLEMENT_REBUILD_C7,건전성·경영실태평가,PRU-05,D42,기준형,3,중앙회 총자본 산정에서 보완자본 합계의 한도는 기본자본의 얼마 이내인가?,125% 이내,200% 이내,50% 이내,100% 이내,4,보완자본의 합계는 기본자본의 100% 이내이다.,계량지표 산정기준은 보완자본을 무제한 인정하지 않고 기본자본의 범위 안에서 한도를 둔다.,위험가중자산 1.25% 범위와 보완자본 전체 한도 100%를 서로 바꾸어 외우기 쉽다.,오답: 원자료가 정한 항목·수치·분류 또는 적용조건과 일치하지 않습니다.,오답: 원자료가 정한 항목·수치·분류 또는 적용조건과 일치하지 않습니다.,오답: 원자료가 정한 항목·수치·분류 또는 적용조건과 일치하지 않습니다.,정답: 원자료의 직접 기준과 일치합니다.,새마을금고 감독기준 [별표 3] 계량지표의 산정기준,보완자본 총한도 = 기본자본 100%,D42,D04,FOCUS,
QRC2-210,RELEASE_READY,SUPPLEMENT_REBUILD_C7,건전성·경영실태평가,PRU-05,D42,기준형,3,금고의 경영관리능력 산정 시 부문별 평가등급 가중치가 가장 큰 부문은?,수익성 30%,자산건전성 35%,자본적정성 25%,유동성 10%,2,금고는 자산건전성 가중치가 35%로 가장 크다.,"금고의 경영관리능력 가중치는 자본적정성 25%, 자산건전성 35%, 수익성 30%, 유동성 10%이다. 중앙회와 금고의 가중치가 다르다는 점이 핵심이다.",중앙회는 자본·자산건전성·수익성이 각각 30%이므로 중앙회 수치와 금고 수치를 섞기 쉽다.,오답: 원자료가 정한 항목·수치·분류 또는 적용조건과 일치하지 않습니다.,정답: 원자료의 직접 기준과 일치합니다.,오답: 원자료가 정한 항목·수치·분류 또는 적용조건과 일치하지 않습니다.,오답: 원자료가 정한 항목·수치·분류 또는 적용조건과 일치하지 않습니다.,새마을금고 감독기준 [별표 4] 경영실태평가 등급산정 방법,금고 25-35-30-10 → 자산건전성 최대,D42,D04,FOCUS,
QRC2-211,RELEASE_READY,SUPPLEMENT_REBUILD_C7,건전성·경영실태평가,PRU-02,D39,기준형,3,담보가 기계·기구류인 경우 회수예상가액 산정기준으로 옳은 것은?,최종감정가액에서 매년 5%씩 차감한다,시가의 50%만 인정한다,최종감정가액에서 매년 10%씩 차감한다,최종감정가액의 100%를 계속 인정한다,3,기계·기구류는 최종감정가액에서 매년 10%씩 차감한다.,담보종류별 기준은 기계·기구류의 시간 경과에 따른 가치 감소를 매년 10% 차감 방식으로 반영한다.,다른 담보의 70%·50% 기준과 기계·기구류의 매년 차감 기준을 섞지 않아야 한다.,오답: 원자료가 정한 항목·수치·분류 또는 적용조건과 일치하지 않습니다.,오답: 원자료가 정한 항목·수치·분류 또는 적용조건과 일치하지 않습니다.,정답: 원자료의 직접 기준과 일치합니다.,오답: 원자료가 정한 항목·수치·분류 또는 적용조건과 일치하지 않습니다.,새마을금고 감독기준 [별표 6] 담보종류별 회수예상가액 산정기준,기계·기구 = 감정가에서 매년 -10%,D39,D03,FOCUS,
QRC2-212,RELEASE_READY_V09,SOURCE_REDESIGN_V09,건전성·경영실태평가,PRU-04,D41,기준형,3,대손충당금을 적립하지 않을 수 있는 자산은?,모든 공공기관 자산,모든 담보대출,모든 정상대출,정부·지자체 자산 + 정상 RP매수,4,정답: 정부·지자체 자산 + 정상 RP매수,새마을금고 감독기준 [별표 8] 경영건전성 비율 산정기준(제20조 관련) 기준: 차주가 대한민국 정부 또는 지방자치단체인 자산과 정상으로 분류된 환매조건부채권매수는 대손충당금을 적립하지 않을 수 있습니다.,조문 번호보다 숫자·기간·비율·공식 주체·핵심용어를 구분하세요.,오답: 공식자료의 기준은 「정부·지자체 자산 + 정상 RP매수」입니다.,오답: 공식자료의 기준은 「정부·지자체 자산 + 정상 RP매수」입니다.,오답: 공식자료의 기준은 「정부·지자체 자산 + 정상 RP매수」입니다.,정답: 차주가 대한민국 정부 또는 지방자치단체인 자산과 정상으로 분류된 환매조건부채권매수는 대손충당금을 적립하지 않을 수 있습니다.,새마을금고 감독기준 [별표 8] 경영건전성 비율 산정기준(제20조 관련),정부·지자체 자산 + 정상 RP매수,D41,D04,FOCUS,
QRC2-213,RELEASE_READY,SUPPLEMENT_REBUILD_C7,여유자금·유가증권·리스크,INV-02,D48,기준형,3,증권 등의 운용한도 별표가 운용(예치) 불가 금융기관의 예로 직접 열거한 것은?,상호저축은행,한국은행,「은행법」에 따른 은행,새마을금고중앙회,1,상호저축은행은 운용(예치) 불가 금융기관 예시에 포함된다.,"별표 1은 세칙 제26조제1항에 해당되지 않은 금융기관의 예로 상호저축은행, 신용협동조합, 수산업협동조합, 보험회사, 캐피탈회사, 카드회사 등을 열거한다.",“금융기관이면 모두 예치 가능”이라고 일반화하면 안 된다. 세칙상 허용 범위를 확인해야 한다.,정답: 원자료의 직접 기준과 일치합니다.,오답: 원자료가 정한 항목·수치·분류 또는 적용조건과 일치하지 않습니다.,오답: 원자료가 정한 항목·수치·분류 또는 적용조건과 일치하지 않습니다.,오답: 원자료가 정한 항목·수치·분류 또는 적용조건과 일치하지 않습니다.,새마을금고 감독기준 시행세칙 [별표 1] 증권 등의 운용한도,예치불가 예시: 저축은행·신협·수협·보험·캐피탈·카드,D48,D05,FOCUS,
QRC2-214,RELEASE_READY,SUPPLEMENT_REBUILD_C7,감독·검사·제재·공시,SUP-03,D33,기준형,3,재산실사 기준에서 영업권 및 기타무형자산의 평가금액은?,장부가액,0원,최근 감정가액,취득가액의 50%,2,영업권 및 기타무형자산의 평가금액은 0원이다.,재산실사 시 무형자산 중 영업권 및 기타무형자산은 평가금액을 0원으로 한다. 개발비는 별도 기준이 적용된다.,회계상 장부가액과 재산실사 평가액을 같은 것으로 보면 틀리기 쉽다.,오답: 원자료가 정한 항목·수치·분류 또는 적용조건과 일치하지 않습니다.,정답: 원자료의 직접 기준과 일치합니다.,오답: 원자료가 정한 항목·수치·분류 또는 적용조건과 일치하지 않습니다.,오답: 원자료가 정한 항목·수치·분류 또는 적용조건과 일치하지 않습니다.,새마을금고 감독기준 시행세칙 [별표 8] 재산실사 기준,재산실사 영업권·기타무형자산 = 0원,D33,D04,FOCUS,
QRC2-215,RELEASE_READY,SUPPLEMENT_REBUILD_C7,건전성·경영실태평가,PRU-07,D46,기준형,3,개인회생 채무조정에서 개인회생 신청 시점의 자산건전성 분류는?,요주의,고정,추정손실,정상,3,개인회생 신청 시점에는 추정손실로 분류한다.,시행세칙 별표 9는 개인회생 신청 시점과 변제인가 이후의 변제채권·면제채권을 구분해 분류한다.,변제인가 결정 후 변제채권의 회수의문 분류를 신청 시점에도 적용하는 오류가 잦다.,오답: 원자료가 정한 항목·수치·분류 또는 적용조건과 일치하지 않습니다.,오답: 원자료가 정한 항목·수치·분류 또는 적용조건과 일치하지 않습니다.,정답: 원자료의 직접 기준과 일치합니다.,오답: 원자료가 정한 항목·수치·분류 또는 적용조건과 일치하지 않습니다.,새마을금고 감독기준 시행세칙 [별표 9] 채무조정 채권의 자산건전성 분류 조정 기준,개인회생 신청 = 추정손실,D46,D04,FOCUS,
QRC2-216,RELEASE_READY,SUPPLEMENT_REBUILD_C7,회계·재무·결산,ACC-09,D68,기준형,3,이익잉여금처분계산서에서 전기오류수정손익을 반영하는 기준으로 옳은 것은?,금액과 관계없이 경미한 오류만 반영한다,모든 오류에 반드시 반영한다,총회가 원하면 아무 오류나 반영한다,중대한 오류인 경우에만 해당한다,4,전기오류수정손익은 중대한 오류인 경우에만 해당한다.,회계준칙 별지 6의 주석은 전기오류수정손익의 적용 범위를 “중대한 오류”로 한정한다.,서식에 항목이 있다는 이유만으로 모든 전기 오류를 해당 항목에 넣는 것으로 오해하면 안 된다.,오답: 원자료가 정한 항목·수치·분류 또는 적용조건과 일치하지 않습니다.,오답: 원자료가 정한 항목·수치·분류 또는 적용조건과 일치하지 않습니다.,오답: 원자료가 정한 항목·수치·분류 또는 적용조건과 일치하지 않습니다.,정답: 원자료의 직접 기준과 일치합니다.,회계준칙 [별지 6] 이익잉여금처분계산서,전기오류수정손익 = 중대한 오류만,D68,D05,FOCUS,
QRC2-217,RELEASE_READY,SUPPLEMENT_REBUILD_C7,회계·재무·결산,ACC-09,D68,기준형,3,상환회계의 출자 배당금 분담 한도는 해당 회계 당기순이익의 얼마 이내인가?,65% 이내,70% 이내,100% 이내,50% 이내,1,상환회계는 해당 회계 당기순이익의 65% 이내에서 배당금을 분담한다.,회계업무방법 별표 1은 상환회계에 대해 당기순이익을 기준으로 배당금 분담 상한을 100분의 65로 둔다.,배당률 자체와 회계 간 배당금 분담 한도를 혼동하지 않아야 한다.,정답: 원자료의 직접 기준과 일치합니다.,오답: 원자료가 정한 항목·수치·분류 또는 적용조건과 일치하지 않습니다.,오답: 원자료가 정한 항목·수치·분류 또는 적용조건과 일치하지 않습니다.,오답: 원자료가 정한 항목·수치·분류 또는 적용조건과 일치하지 않습니다.,회계업무방법 [별표 1] 회계별 당기순손익(이익잉여금) 처분 및 출자 배당금 회계처리,상환회계 배당분담 ≤ 당기순이익 65%,D68,D05,FOCUS,
QRC2-218,RELEASE_READY,SUPPLEMENT_REBUILD_C7,회계·재무·결산,ACC-12,D76,기준형,3,대체투자자산 공정가치 산정 시 후순위(에쿼티) 자산이 회수의문으로 분류된 경우 취득가액 대비 차감률은?,100%,60%,40%,50%,2,후순위(에쿼티)·회수의문의 차감률은 60%이다.,"별표 2의 차감률 표는 순위와 건전성 분류를 교차해 적용한다. 후순위는 정상 0, 요주의 15, 고정 25, 회수의문 60, 추정손실 100%이다.",중순위 회수의문 50%와 후순위 회수의문 60%를 바꾸어 출제하기 쉽다.,오답: 원자료가 정한 항목·수치·분류 또는 적용조건과 일치하지 않습니다.,정답: 원자료의 직접 기준과 일치합니다.,오답: 원자료가 정한 항목·수치·분류 또는 적용조건과 일치하지 않습니다.,오답: 원자료가 정한 항목·수치·분류 또는 적용조건과 일치하지 않습니다.,회계업무방법 [별표 2] 대체투자자산의 공정가치 산정을 위한 취득가액 대비 차감율,후순위 회수의문 = 60%,D76,D05,FOCUS,
QRC2-219,RELEASE_READY_V09,SOURCE_REDESIGN_V09,건전성·경영실태평가,PRU-05,D42,기준형,3,자본적정성 4등급(취약)의 핵심 상태는?,자본 충분,도산 예상,자본 현저히 부족·외부지원 필요,자본 적정,3,정답: 자본 현저히 부족·외부지원 필요,새마을금고 감독기준 [별표 5] 경영실태평가등급별 정의 기준: 자본적정성 4등급(취약)은 위험규모에 비해 자본이 현저하게 부족하여 외부 자금지원이 필요한 상태입니다.,조문 번호보다 숫자·기간·비율·공식 주체·핵심용어를 구분하세요.,오답: 공식자료의 기준은 「자본 현저히 부족·외부지원 필요」입니다.,오답: 공식자료의 기준은 「자본 현저히 부족·외부지원 필요」입니다.,정답: 자본적정성 4등급(취약)은 위험규모에 비해 자본이 현저하게 부족하여 외부 자금지원이 필요한 상태입니다.,오답: 공식자료의 기준은 「자본 현저히 부족·외부지원 필요」입니다.,새마을금고 감독기준 [별표 5] 경영실태평가등급별 정의,자본 현저히 부족·외부지원 필요,D42,D04,FOCUS,
QRC2-220,RELEASE_READY,SUPPLEMENT_REBUILD_C7,감독·검사·제재·공시,SUP-02,D32,기준형,3,과태료의 최종 부과금액을 결정할 때 10만원 단위 미만의 금액은 어떻게 처리하는가?,반올림한다,그대로 합산한다,절사한다,절상한다,3,10만원 단위 미만의 금액은 절사한다.,감독기준 별표 10은 최종 과태료 부과금액 결정 시 10만원 단위 미만 금액의 처리방법을 절사로 정한다.,10만원 미만 과태료 면제 규정과 “10만원 단위 미만 절사”를 같은 규정으로 혼동하지 않아야 한다.,오답: 원자료가 정한 항목·수치·분류 또는 적용조건과 일치하지 않습니다.,오답: 원자료가 정한 항목·수치·분류 또는 적용조건과 일치하지 않습니다.,정답: 원자료의 직접 기준과 일치합니다.,오답: 원자료가 정한 항목·수치·분류 또는 적용조건과 일치하지 않습니다.,새마을금고 감독기준 [별표 10] 과태료 부과기준(제9조제8항 관련),과태료 끝자리 = 10만원 단위 미만 절사,D32,D04,FOCUS,
QRC2-221,RELEASE_READY_V09,SOURCE_REDESIGN_V09,여유자금·유가증권·리스크,INV-05,D51,기준형,3,손절매 기준 변경사유와 함께 첨부할 것은?,손절매 기준,객관적인 증빙자료,취득금액,평가금액,2,정답: 객관적인 증빙자료,새마을금고 감독기준 시행세칙 [별지 11] 유가증권 손절매 기준 (변경)심의 의결서 기준: 손절매 기준 변경심의 의결서에는 변경사유에 대한 객관적인 증빙자료를 첨부합니다.,조문 번호보다 숫자·기간·비율·공식 주체·핵심용어를 구분하세요.,오답: 공식자료의 기준은 「객관적인 증빙자료」입니다.,정답: 손절매 기준 변경심의 의결서에는 변경사유에 대한 객관적인 증빙자료를 첨부합니다.,오답: 공식자료의 기준은 「객관적인 증빙자료」입니다.,오답: 공식자료의 기준은 「객관적인 증빙자료」입니다.,새마을금고 감독기준 시행세칙 [별지 11] 유가증권 손절매 기준 (변경)심의 의결서,객관적인 증빙자료,D51,D02,FOCUS,
QRC2-222,RELEASE_READY,SUPPLEMENT_REBUILD_C7,여유자금·유가증권·리스크,INV-05,D51,기준형,3,손절매 대상 유가증권의 매도유보 사유로 서식에 명시된 것은?,급격한 유동성 위축 등으로 즉시 매도가 불가능한 경우,손실을 숨기기 위해 매도를 무기한 연기하는 경우,손절매 기준을 초과하면 사유 없이 자동 유보하는 경우,담당자가 단순히 매도하기 싫어하는 경우,1,급격한 유동성 위축 등 즉시 매도가 불가능한 경우는 매도유보 사유 중 하나이다.,"별지 12는 가격회복 기대, 급격한 유동성 위축, 계속보유 효익, 시장상황 등 구체적인 유보사유를 제시한다.",매도유보는 임의 회피가 아니라 서식에 적시된 합리적 사유와 심의가 전제된다.,정답: 원자료의 직접 기준과 일치합니다.,오답: 원자료가 정한 항목·수치·분류 또는 적용조건과 일치하지 않습니다.,오답: 원자료가 정한 항목·수치·분류 또는 적용조건과 일치하지 않습니다.,오답: 원자료가 정한 항목·수치·분류 또는 적용조건과 일치하지 않습니다.,새마을금고 감독기준 시행세칙 [별지 12] 손절매 대상 유가증권 매도유보 심의 의결서,매도유보 = 유동성 위축 등 객관 사유,D51,D02,FOCUS,
QRC2-223,RELEASE_READY,SUPPLEMENT_REBUILD_C7,여유자금·유가증권·리스크,INV-02,D48,기준형,3,여유자금 운용 한도 심의 의결서에서 동일회사 발행 채권 투자한도를 나누어 표시하는 신용등급 구분은?,A- 이하 / AA0 이상,BBB- 이하 / BBB 이상,AA- 이하 / AA 이상,A0 이하 / A+ 이상,4,동일회사 발행 채권 투자한도는 A0 이하와 A+ 이상으로 구분해 표시한다.,별지 13의 의결사항 표는 전체 채권 한도뿐 아니라 동일회사 발행 채권 투자한도를 A0 이하와 A+ 이상으로 나누어 적도록 한다.,일반 무보증채의 최저 신용등급 요건과 리스크관리위원회 한도 구분을 혼동하기 쉽다.,오답: 원자료가 정한 항목·수치·분류 또는 적용조건과 일치하지 않습니다.,오답: 원자료가 정한 항목·수치·분류 또는 적용조건과 일치하지 않습니다.,오답: 원자료가 정한 항목·수치·분류 또는 적용조건과 일치하지 않습니다.,정답: 원자료의 직접 기준과 일치합니다.,새마을금고 감독기준 시행세칙 [별지 13] 여유자금 운용 한도 심의 의결서,동일회사 채권 한도 = A0↓ / A+↑,D48,D05,FOCUS,
QRC2-224,RELEASE_READY,SUPPLEMENT_REBUILD_C7,여유자금·유가증권·리스크,INV-03,D49,기준형,3,채권가격 적정여부 검토 시 거래가능금액을 확인해야 하는 증권사는 최소 몇 개 이상인가?,4개 이상,1개 이상,2개 이상,3개 이상,3,최소 2개 이상의 증권사에서 거래가능금액을 확인한다.,별표 4는 채권의 매입·매도 가격 적정성을 비교하기 위해 증권사 거래가능금액을 최소 2개 이상 확인하도록 한다.,신용평가사 수와 증권사 가격확인 수를 혼동하지 않아야 한다.,오답: 원자료가 정한 항목·수치·분류 또는 적용조건과 일치하지 않습니다.,오답: 원자료가 정한 항목·수치·분류 또는 적용조건과 일치하지 않습니다.,정답: 원자료의 직접 기준과 일치합니다.,오답: 원자료가 정한 항목·수치·분류 또는 적용조건과 일치하지 않습니다.,새마을금고 감독기준 시행세칙 [별표 4] 채권가격 적정여부 검토서,채권가격 비교 = 증권사 최소 2곳,D49,D02,FOCUS,
QRC2-225,RELEASE_READY,SUPPLEMENT_REBUILD_C7,여유자금·유가증권·리스크,INV-06,D52,기준형,3,출자전환 지분증권의 기한 내 처분계획 표에서 “처분 예상액”과 함께 표시하는 비율은?,유가증권 총액 대비 비율,전체 대비 비율,자기자본 대비 비율,취득가액 대비 손실률,2,처분 예상액과 함께 전체 대비 비율을 표시한다.,"별표 5의2의 기한 내 처분계획에는 기간, 처분 주식, 처분 예상액, 전체 대비 비율, 비고를 기재한다.",처분계획의 “전체 대비 비율”을 손실률이나 자기자본 한도와 혼동하기 쉽다.,오답: 원자료가 정한 항목·수치·분류 또는 적용조건과 일치하지 않습니다.,정답: 원자료의 직접 기준과 일치합니다.,오답: 원자료가 정한 항목·수치·분류 또는 적용조건과 일치하지 않습니다.,오답: 원자료가 정한 항목·수치·분류 또는 적용조건과 일치하지 않습니다.,새마을금고 감독기준 시행세칙 [별표 5의2] 출자전환 지분증권 기한내 처분계획서,처분계획 = 예상액 + 전체대비%,D52,D02,FOCUS,
QRC2-226,RELEASE_READY_V09,SOURCE_REDESIGN_V09,건전성·경영실태평가,PRU-06,D44,기준형,3,신규 저축성 예수금 금리 상한의 기준 시점은?,소속 협의회 전월말,전년도 말,직전 분기 말,당일,1,정답: 소속 협의회 전월말,"새마을금고 감독기준 시행세칙 [별표 10] 적기시정조치(요구,명령)시 포함시켜야할 이행사항 기준: 신규 저축성 예수금 금리는 소속 협의회 전월말 저축성 예수금 가중평균 금리(월중신규) 이내에서 운용하며 우대금리를 포함합니다.",조문 번호보다 숫자·기간·비율·공식 주체·핵심용어를 구분하세요.,정답: 신규 저축성 예수금 금리는 소속 협의회 전월말 저축성 예수금 가중평균 금리(월중신규) 이내에서 운용하며 우대금리를 포함합니다.,오답: 공식자료의 기준은 「소속 협의회 전월말」입니다.,오답: 공식자료의 기준은 「소속 협의회 전월말」입니다.,오답: 공식자료의 기준은 「소속 협의회 전월말」입니다.,"새마을금고 감독기준 시행세칙 [별표 10] 적기시정조치(요구,명령)시 포함시켜야할 이행사항",소속 협의회 전월말,D44,D04,FOCUS,
QRC2-227,RELEASE_READY,SUPPLEMENT_REBUILD_C7,회계·재무·결산,ACC-02,D55,표·서식형,2,재무상태표(결산용)에서 가계자금대출·기업자금대출·공공및정책자금대출·농어민자금대출이 속하는 자산 항목은?,Ⅰ. 현금 및 예치금,Ⅴ. 기타자산,Ⅱ. 유가증권,Ⅲ. 대출채권,4,해당 대출 항목들은 Ⅲ. 대출채권에 속한다.,별지 1의 자산 분류에서 대출채권은 가계·기업·공공및정책·농어민 등 세부 대출 계정을 묶어 표시한다.,정책자금이라는 이름 때문에 기타자산이나 유가증권으로 오인하지 않아야 한다.,오답: 원자료가 정한 항목·수치·분류 또는 적용조건과 일치하지 않습니다.,오답: 원자료가 정한 항목·수치·분류 또는 적용조건과 일치하지 않습니다.,오답: 원자료가 정한 항목·수치·분류 또는 적용조건과 일치하지 않습니다.,정답: 원자료의 직접 기준과 일치합니다.,회계준칙 [별지 1] 재무상태표(결산용),가계·기업·정책·농어민 대출 → Ⅲ 대출채권,D55,D05,FOCUS,
QRC2-228,RELEASE_READY,SUPPLEMENT_REBUILD_C7,회계·재무·결산,ACC-02,D55,표·서식형,2,손익계산서(결산용)에서 대손상각비가 속하는 영업비용 세부 항목은?,이자비용,수수료비용,대출채권평가 및 처분손실,판매비와 관리비,3,대손상각비는 영업비용 중 대출채권평가 및 처분손실에 포함된다.,별지 2는 영업비용의 (3) 대출채권평가 및 처분손실 아래에 대출채권처분손실과 대손상각비를 둔다.,대손상각비를 판매비와관리비의 일반 비용으로 분류하는 오류가 흔하다.,오답: 원자료가 정한 항목·수치·분류 또는 적용조건과 일치하지 않습니다.,오답: 원자료가 정한 항목·수치·분류 또는 적용조건과 일치하지 않습니다.,정답: 원자료의 직접 기준과 일치합니다.,오답: 원자료가 정한 항목·수치·분류 또는 적용조건과 일치하지 않습니다.,회계준칙 [별지 2] 손익계산서(결산용),대손상각비 → 대출채권평가·처분손실,D55,D05,QUICK,
QRC2-229,RELEASE_READY,SUPPLEMENT_REBUILD_C7,회계·재무·결산,ACC-02,D55,표·서식형,2,현금흐름표(직접법)에서 출자금의 납입은 어느 활동의 현금 유입으로 표시되는가?,영업활동으로 인한 현금 유입,재무활동으로 인한 현금 유입,투자활동으로 인한 현금 유입,현금흐름에서 제외,2,출자금의 납입은 재무활동으로 인한 현금 유입이다.,"별지 3은 재무활동 현금 유입액에 예수부채 순예수액, 차입부채 차입, 출자금 납입을 열거한다.",출자금이 자본 항목이라는 점은 맞지만 현금흐름표에서는 “재무활동”으로 분류한다.,오답: 원자료가 정한 항목·수치·분류 또는 적용조건과 일치하지 않습니다.,정답: 원자료의 직접 기준과 일치합니다.,오답: 원자료가 정한 항목·수치·분류 또는 적용조건과 일치하지 않습니다.,오답: 원자료가 정한 항목·수치·분류 또는 적용조건과 일치하지 않습니다.,회계준칙 [별지 3] 현금흐름표(직접법),출자금 납입 = 재무활동 유입,D55,D05,FOCUS,
QRC2-230,RELEASE_READY,SUPPLEMENT_REBUILD_C7,회계·재무·결산,ACC-02,D55,표·서식형,2,현금흐름표(간접법)에서 영업활동으로 인한 현금흐름 계산의 첫 출발 항목은?,기초 현금 및 예치금,출자금의 납입,토지의 처분,당기순이익(손실),4,간접법은 당기순이익(손실)에서 출발한다.,별지 4의 영업활동 현금흐름은 1. 당기순이익(손실)을 제시한 뒤 현금 유출이 없는 비용 등을 가산·차감한다.,직접법의 실제 현금 유입·유출 항목과 간접법의 당기순이익 조정 방식을 구분해야 한다.,오답: 원자료가 정한 항목·수치·분류 또는 적용조건과 일치하지 않습니다.,오답: 원자료가 정한 항목·수치·분류 또는 적용조건과 일치하지 않습니다.,오답: 원자료가 정한 항목·수치·분류 또는 적용조건과 일치하지 않습니다.,정답: 원자료의 직접 기준과 일치합니다.,회계준칙 [별지 4] 현금흐름표(간접법),간접법 시작 = 당기순이익,D55,D05,QUICK,
QRC2-231,RELEASE_READY,SUPPLEMENT_REBUILD_C7,회계·재무·결산,ACC-02,D55,표·서식형,2,자본변동표의 자본 구성항목 열에 포함되는 것은?,기타포괄손익누계액,현금및예치금,대출채권,영업수익,1,자본변동표의 열에는 기타포괄손익누계액이 포함된다.,"별지 5의 자본변동표는 출자금, 자본잉여금, 자본조정, 기타포괄손익누계액, 이익잉여금, 총계의 열로 구성된다.",손익계산서·재무상태표 계정과 자본변동표의 자본 구성요소를 섞지 않아야 한다.,정답: 원자료의 직접 기준과 일치합니다.,오답: 원자료가 정한 항목·수치·분류 또는 적용조건과 일치하지 않습니다.,오답: 원자료가 정한 항목·수치·분류 또는 적용조건과 일치하지 않습니다.,오답: 원자료가 정한 항목·수치·분류 또는 적용조건과 일치하지 않습니다.,회계준칙 [별지 5] 자본변동표,자본변동표 열 = 출자·잉여·조정·기타포괄·이익잉여,D55,D05,FOCUS,
QRC2-232,RELEASE_READY,SUPPLEMENT_REBUILD_C7,회계·재무·결산,ACC-09,D68,표·서식형,2,결손금처리계산서에서 Ⅱ. 결손금처리액의 첫 번째 항목은?,법정적립금이입액,특별적립금이입액,차기이월결손금,임의적립금이입액,2,결손금처리액의 첫 번째 항목은 특별적립금이입액이다.,"별지 7은 결손금처리액 아래에 1. 특별적립금이입액, 2. 임의적립금이입액 순으로 표시한다.",이익잉여금 “처분” 항목과 결손금 “처리” 항목의 순서를 혼동하지 않아야 한다.,오답: 원자료가 정한 항목·수치·분류 또는 적용조건과 일치하지 않습니다.,정답: 원자료의 직접 기준과 일치합니다.,오답: 원자료가 정한 항목·수치·분류 또는 적용조건과 일치하지 않습니다.,오답: 원자료가 정한 항목·수치·분류 또는 적용조건과 일치하지 않습니다.,회계준칙 [별지 7] 결손금처리계산서,결손 처리 1번 = 특별적립금 이입,D68,D05,FOCUS,
QRC2-233,RELEASE_READY,SUPPLEMENT_REBUILD_C7,회계·재무·결산,ACC-02,D55,표·서식형,2,특별회계 요약 재무상태표에서 Ⅱ. 비유동자산의 세부 항목 조합으로 옳은 것은?,출자금·자본잉여금·이익잉여금,현금·예치금·대출채권,투자자산·유형자산·무형자산,예수부채·차입부채·기타부채,3,비유동자산은 투자자산·유형자산·무형자산으로 구분된다.,"별지 8의 특별회계 요약 재무상태표는 비유동자산의 세부 항목을 투자자산, 유형자산, 무형자산으로 제시한다.",부채나 자본의 구성항목을 자산 세부항목과 섞은 선택지를 주의해야 한다.,오답: 원자료가 정한 항목·수치·분류 또는 적용조건과 일치하지 않습니다.,오답: 원자료가 정한 항목·수치·분류 또는 적용조건과 일치하지 않습니다.,정답: 원자료의 직접 기준과 일치합니다.,오답: 원자료가 정한 항목·수치·분류 또는 적용조건과 일치하지 않습니다.,회계준칙 [별지 8] 특별회계 요약 재무상태표,특별회계 비유동 = 투자·유형·무형,D55,D05,FOCUS,
QRC2-234,RELEASE_READY,SUPPLEMENT_REBUILD_C7,회계·재무·결산,ACC-02,D55,표·서식형,2,특별회계 요약 손익계산서에서 Ⅳ. 영업손익 다음에 오는 항목은?,Ⅵ. 영업외 비용,법인세비용,당기순이익,Ⅴ. 영업외 수익,4,Ⅳ. 영업손익 다음은 Ⅴ. 영업외 수익이다.,별지 9의 순서는 매출액(영업수익) → 매출원가(영업비용) → 판매비와관리비 → 영업손익 → 영업외 수익 → 영업외 비용 순이다.,일반 손익계산서의 세부 항목을 떠올리기보다 특별회계 요약 서식의 배열을 확인해야 한다.,오답: 원자료가 정한 항목·수치·분류 또는 적용조건과 일치하지 않습니다.,오답: 원자료가 정한 항목·수치·분류 또는 적용조건과 일치하지 않습니다.,오답: 원자료가 정한 항목·수치·분류 또는 적용조건과 일치하지 않습니다.,정답: 원자료의 직접 기준과 일치합니다.,회계준칙 [별지 9] 특별회계 요약 손익계산서,특별회계 P/L: 영업손익 → 영업외수익 → 영업외비용,D55,D05,FOCUS,
QRC2-235,RELEASE_READY,SUPPLEMENT_REBUILD_C7,회계·재무·결산,ACC-02,D55,표·서식형,2,재무상태표(일반조회용)의 금액 표시 열 구성으로 옳은 것은?,금액·차변·대변,당기·전기·증감,금액·예산·실적,원가·시가·평가손익,1,일반조회용 재무상태표는 금액·차변·대변 열을 둔다.,"별지 10의 일반조회용 서식은 결산용의 당기·전기 비교 형식과 달리 과목 옆에 금액, 차변, 대변을 표시한다.",결산용 재무상태표의 당기·전기 금액 열과 일반조회용의 차변·대변 열을 구분해야 한다.,정답: 원자료의 직접 기준과 일치합니다.,오답: 원자료가 정한 항목·수치·분류 또는 적용조건과 일치하지 않습니다.,오답: 원자료가 정한 항목·수치·분류 또는 적용조건과 일치하지 않습니다.,오답: 원자료가 정한 항목·수치·분류 또는 적용조건과 일치하지 않습니다.,회계준칙 [별지 10] 재무상태표(일반조회용),일반조회 B/S = 금액·차변·대변,D55,D05,FOCUS,
QRC2-236,RELEASE_READY,SUPPLEMENT_REBUILD_C7,회계·재무·결산,ACC-02,D55,표·서식형,2,손익계산서(일반조회용)에서 카드수입수수료가 속하는 항목은?,영업비용의 수수료비용,영업수익의 수수료수익,영업외수익의 투자자산수익,이자수익,2,카드수입수수료는 영업수익 중 수수료수익에 포함된다.,"별지 11은 영업수익의 (4) 수수료수익 아래에 수입수수료, 공제수입수수료, 카드수입수수료를 열거한다.",“수수료”라는 단어만 보고 수수료비용으로 분류하지 않아야 한다. 카드수입수수료는 수익이다.,오답: 원자료가 정한 항목·수치·분류 또는 적용조건과 일치하지 않습니다.,정답: 원자료의 직접 기준과 일치합니다.,오답: 원자료가 정한 항목·수치·분류 또는 적용조건과 일치하지 않습니다.,오답: 원자료가 정한 항목·수치·분류 또는 적용조건과 일치하지 않습니다.,회계준칙 [별지 11] 손익계산서(일반조회용),카드수입수수료 = 영업수익·수수료수익,D55,D05,FOCUS,
QRC2-237,RELEASE_READY,SUPPLEMENT_REBUILD_C7,건전성·경영실태평가,PRU-02,D39,표·서식형,2,고정이하분류자산명세표 작성 시 대출금과 여신성가지급금은 어떤 단위로 합산하는가?,동일 상품 단위,동일 담보물 단위,동일 채무자 단위,동일 지점 단위,3,대출금과 여신성가지급금은 동일 채무자 단위로 합산한다.,별표 7의 작성 주석은 고정이하분류자산을 파악할 때 대출금과 여신성가지급금을 동일 채무자 단위로 합산하도록 한다.,담보 단위가 아니라 채무자 단위라는 점이 핵심이다.,오답: 원자료가 정한 항목·수치·분류 또는 적용조건과 일치하지 않습니다.,오답: 원자료가 정한 항목·수치·분류 또는 적용조건과 일치하지 않습니다.,정답: 원자료의 직접 기준과 일치합니다.,오답: 원자료가 정한 항목·수치·분류 또는 적용조건과 일치하지 않습니다.,새마을금고 감독기준 [별표 7] 고정이하분류자산명세표,"고정이하 명세 = 대출+여신성가지급금, 채무자별 합산",D39,D03,FOCUS,
QRC2-238,RELEASE_READY,SUPPLEMENT_REBUILD_C7,중앙회,CEN-07,D89,표·서식형,2,중앙회의 경영건전성 업무보고서는 원칙적으로 매분기 언제까지 장관에게 제출하는가?,정기총회 종료 후 1개월 이내,분기 종료 후 2주 이내,다음다음 달 말일까지,다음 달 말일까지,4,분기 업무보고서는 원칙적으로 매분기 다음 달 말일까지 제출한다.,"감독기준 제47조는 중앙회가 별표 9에 따른 경영건전성 업무보고서를 매분기 다음 달 말일까지 장관에게 제출하도록 한다. 반기 자료는 다음다음 달 말일까지, 회계연도말은 정기총회 종료 후 2주 이내라는 별도 기한이 있다.",반기 자료의 “다음다음 달 말일”과 일반 분기 자료의 “다음 달 말일”을 바꾸어 외우기 쉽다.,오답: 원자료가 정한 항목·수치·분류 또는 적용조건과 일치하지 않습니다.,오답: 원자료가 정한 항목·수치·분류 또는 적용조건과 일치하지 않습니다.,오답: 원자료가 정한 항목·수치·분류 또는 적용조건과 일치하지 않습니다.,정답: 원자료의 직접 기준과 일치합니다.,새마을금고 감독기준 제47조 (업무보고서) | 새마을금고 감독기준 [별표 9] 업무보고서,"중앙회 업무보고: 분기=다음 달 말, 반기=다음다음 달 말",D89,D02,FOCUS,
QRC2-239,RELEASE_READY,SUPPLEMENT_REBUILD_C7,감독·검사·제재·공시,SUP-04,D36,표·서식형,2,새마을금고 현황 정기공시 서식의 공시자료 작성기준일은?,결산일 현재,매월 말 현재,공시일 직전 영업일 현재,정기총회 개최일 현재,1,정기공시 자료의 작성기준일은 결산일 현재이다.,시행세칙 별지 5의 새마을금고 현황 서식은 본 공시자료의 작성기준일을 결산일 현재로 명시한다.,“공시하는 날”과 “공시자료의 작성기준일”은 다를 수 있다.,정답: 원자료의 직접 기준과 일치합니다.,오답: 원자료가 정한 항목·수치·분류 또는 적용조건과 일치하지 않습니다.,오답: 원자료가 정한 항목·수치·분류 또는 적용조건과 일치하지 않습니다.,오답: 원자료가 정한 항목·수치·분류 또는 적용조건과 일치하지 않습니다.,새마을금고 감독기준 시행세칙 [별지 5] 새마을금고 현황,정기공시 현황 = 결산일 현재,D36,D05,FOCUS,
QRC2-240,RELEASE_READY,SUPPLEMENT_REBUILD_C7,감독·검사·제재·공시,SUP-04,D36,표·서식형,2,수시공시현황 서식의 자료 작성기준일은?,수시공시 사유발생일 현재,직전 결산일 현재,매 분기 말 현재,정기총회 종료일 현재,1,수시공시 자료의 작성기준일은 수시공시 사유발생일 현재이다.,시행세칙 별지 6은 수시공시의 성격에 맞게 자료 작성기준일을 수시공시 사유발생일 현재로 정한다.,정기공시의 결산일 기준과 수시공시의 사유발생일 기준을 서로 바꾸어 출제하기 쉽다.,정답: 원자료의 직접 기준과 일치합니다.,오답: 원자료가 정한 항목·수치·분류 또는 적용조건과 일치하지 않습니다.,오답: 원자료가 정한 항목·수치·분류 또는 적용조건과 일치하지 않습니다.,오답: 원자료가 정한 항목·수치·분류 또는 적용조건과 일치하지 않습니다.,새마을금고 감독기준 시행세칙 [별지 6] 수시공시현황,수시공시 = 사유발생일 현재,D36,D05,FOCUS,
QDB3-001,SOURCE_GROUNDED_ACTIVE_V015,SOURCE_GROUNDED_V015,기본·설립·정관,FND-01,,개념형,2,새마을금고법상 “금고”의 법적 성격으로 옳은 것은?,영리를 목적으로 하는 주식회사,이 법에 따라 설립된 비영리법인,지방자치단체가 출자한 지방공기업,회원이 임의로 구성한 비법인사단,2,금고는 새마을금고법에 따라 설립된 비영리법인입니다.,법은 금고를 법에 따라 설립된 비영리법인인 새마을금고로 정의합니다.,협동조직이라는 성격과 법적 형태인 비영리법인을 구분해야 합니다.,오답: 원자료의 기준과 일치하지 않습니다.,정답: 금고는 새마을금고법에 따라 설립된 비영리법인입니다.,오답: 원자료의 기준과 일치하지 않습니다.,오답: 원자료의 기준과 일치하지 않습니다.,새마을금고법 제2조 (정의와 명칭),금고 = 비영리법인,,D01,FOCUS,
QDB3-002,SOURCE_GROUNDED_ACTIVE_V015,SOURCE_GROUNDED_V015,기본·설립·정관,FND-01,,금지형,3,금고나 중앙회가 아닌 자의 명칭 사용에 관한 설명으로 옳은 것은?,“새마을금고” 또는 이와 유사한 명칭을 사용할 수 없다,지역명만 붙이면 “새마을금고” 명칭을 사용할 수 있다,비영리단체라면 동일 명칭을 사용할 수 있다,중앙회의 사후신고만 하면 유사 명칭을 사용할 수 있다,1,금고나 중앙회가 아니면 “새마을금고” 또는 이와 유사한 명칭을 사용할 수 없습니다.,명칭 보호는 유사 명칭까지 포함합니다.,단순히 지역명이나 비영리 여부를 붙이는 것으로 예외가 되지 않습니다.,정답: 금고나 중앙회가 아니면 “새마을금고” 또는 이와 유사한 명칭을 사용할 수 없습니다.,오답: 원자료의 기준과 일치하지 않습니다.,오답: 원자료의 기준과 일치하지 않습니다.,오답: 원자료의 기준과 일치하지 않습니다.,새마을금고법 제2조 (정의와 명칭),유사 명칭도 금지,,D01,FOCUS,
QDB3-003,SOURCE_GROUNDED_ACTIVE_V015,SOURCE_GROUNDED_V015,기관,GOV-02,,정족수형,3,재적회원이 800명인 금고가 일반 의안을 다루는 총회를 열 때 법상 개의가 가능한 최소 출석인원은?,200명,250명,401명,251명,4,재적회원이 500명을 초과하면 251명 이상 출석으로 개의할 수 있습니다.,"일반 원칙은 재적회원 과반수 출석이지만, 500명 초과 금고에는 251명 예외가 있습니다.",과반수인 401명과 251명 특례를 혼동하기 쉽습니다.,오답: 원자료의 기준과 일치하지 않습니다.,오답: 원자료의 기준과 일치하지 않습니다.,오답: 원자료의 기준과 일치하지 않습니다.,정답: 재적회원이 500명을 초과하면 251명 이상 출석으로 개의할 수 있습니다.,새마을금고법 제13조 (총회의 개의와 의결),500초과 = 251명,,D01,FOCUS,
QDB3-004,SOURCE_GROUNDED_ACTIVE_V015,SOURCE_GROUNDED_V015,기관,GOV-02,,정족수형,3,법에서 특별다수결을 요구하는 총회 의안의 찬성요건으로 옳은 것은?,출석회원 과반수,재적회원 과반수,출석회원 3분의 2 이상,출석회원 3분의 1 이상,3,특별다수결 대상은 출석회원 3분의 2 이상의 찬성이 필요합니다.,새마을금고법 제13조제2항은 정해진 중요사항에 대해 강화된 찬성요건을 둡니다.,일반 의결의 출석회원 과반수와 구분해야 합니다.,오답: 원자료의 기준과 일치하지 않습니다.,오답: 원자료의 기준과 일치하지 않습니다.,정답: 특별다수결 대상은 출석회원 3분의 2 이상의 찬성이 필요합니다.,오답: 원자료의 기준과 일치하지 않습니다.,새마을금고법 제13조 (총회의 개의와 의결),중요의안 = 출석 2/3,,D01,FOCUS,
QDB3-005,SOURCE_GROUNDED_ACTIVE_V015,SOURCE_GROUNDED_V015,임원·직원·선거,HR-02,,책임형,3,비상근임원이 직무 수행 중 금고에 손해를 끼친 경우 법상 손해배상책임의 귀책기준으로 옳은 것은?,결과가 발생하면 과실 여부와 무관하게 책임,고의 또는 중대한 과실,형사처벌이 확정된 경우에만 책임,단순 과실만 있어도 무조건 책임,2,비상근임원은 고의 또는 중대한 과실이 있는 경우 금고에 대한 손해배상책임이 문제됩니다.,상근 여부에 따라 법이 제시하는 과실 기준을 구분해야 합니다.,일반 임원의 “고의나 과실”과 비상근임원의 “고의나 중대한 과실”을 바꾸어 출제하기 쉽습니다.,오답: 원자료의 기준과 일치하지 않습니다.,정답: 비상근임원은 고의 또는 중대한 과실이 있는 경우 금고에 대한 손해배상책임이 문제됩니다.,오답: 원자료의 기준과 일치하지 않습니다.,오답: 원자료의 기준과 일치하지 않습니다.,새마을금고법 제25조 (임원의 성실 의무와 책임),비상근 = 고의·중과실,,D01,FOCUS,
QDB3-006,SOURCE_GROUNDED_ACTIVE_V015,SOURCE_GROUNDED_V015,임원·직원·선거,HR-02,,예외형,3,"이사회가 고의나 중대한 과실로 금고에 손해를 끼친 사안에서, 해당 회의에 출석했지만 명확히 반대 의사를 표시한 임원은?",그 이사회 손해에 대한 연대책임의 예외가 될 수 있다,총회에서 추인하면 책임이 발생한다,항상 동일한 연대책임을 진다,감사 승인 후에만 책임이 면제된다,1,회의에서 반대 의사를 표시한 임원은 해당 이사회 손해에 대한 연대책임 예외가 될 수 있습니다.,법은 고의·중대한 과실과 관련된 이사회 출석 임원에게 책임을 묻되 반대 의사 표시자를 예외로 둡니다.,단순 불참과 회의에서의 반대 의사 표시를 구분해야 합니다.,정답: 회의에서 반대 의사를 표시한 임원은 해당 이사회 손해에 대한 연대책임 예외가 될 수 있습니다.,오답: 원자료의 기준과 일치하지 않습니다.,오답: 원자료의 기준과 일치하지 않습니다.,오답: 원자료의 기준과 일치하지 않습니다.,새마을금고법 제25조 (임원의 성실 의무와 책임),반대 표시 = 예외,,D01,FOCUS,
QDB3-007,SOURCE_GROUNDED_ACTIVE_V015,SOURCE_GROUNDED_V015,합병·해산·등기,EXIT-01,,숫자형,3,금고 합병으로 새로운 금고 설립이 의결된 경우 설립위원의 정수는 최소 몇 명 이상이어야 하는가?,10명,15명,30명,20명,4,설립위원의 정수는 20명 이상입니다.,합병하려는 각 금고의 회원 중에서 같은 수로 선출한다는 조건도 함께 둡니다.,발기인 수 등 다른 설립 관련 숫자와 혼동하기 쉽습니다.,오답: 원자료의 기준과 일치하지 않습니다.,오답: 원자료의 기준과 일치하지 않습니다.,오답: 원자료의 기준과 일치하지 않습니다.,정답: 설립위원의 정수는 20명 이상입니다.,새마을금고법 제37조 (합병),합병 설립위원 20+,,D05,FOCUS,
QDB3-008,SOURCE_GROUNDED_ACTIVE_V015,SOURCE_GROUNDED_V015,합병·해산·등기,EXIT-03,,기간형,3,설립인가를 받은 금고의 설립등기는 설립인가서가 도달한 날부터 언제까지 해야 하는가?,1주 이내,1개월 이내,3주 이내,2주 이내,3,설립인가서가 도달한 날부터 3주 이내에 설립등기를 해야 합니다.,등기 기산점은 인가일 자체가 아니라 설립인가서 도달일입니다.,"2주와 3주, 인가일과 도달일을 바꾸어 묻기 쉽습니다.",오답: 원자료의 기준과 일치하지 않습니다.,오답: 원자료의 기준과 일치하지 않습니다.,정답: 설립인가서가 도달한 날부터 3주 이내에 설립등기를 해야 합니다.,오답: 원자료의 기준과 일치하지 않습니다.,새마을금고법 제45조 (설립등기),도달일부터 3주,,D05,FOCUS,
QDB3-009,SOURCE_GROUNDED_ACTIVE_V015,SOURCE_GROUNDED_V015,건전성·경영실태평가,PRU-03,,분류형,3,감독기준상 채권을 대손상각 처리할 수 있는 자산건전성 분류는?,고정,추정손실,회수의문,요주의,2,대손상각은 해당 채권이 “추정손실”로 분류된 경우에 한하여 가능합니다.,감독기준은 대손상각 대상 채권과 분류요건을 함께 정합니다.,고정이나 회수의문 단계에서 바로 상각할 수 있다고 오해하기 쉽습니다.,오답: 원자료의 기준과 일치하지 않습니다.,정답: 대손상각은 해당 채권이 “추정손실”로 분류된 경우에 한하여 가능합니다.,오답: 원자료의 기준과 일치하지 않습니다.,오답: 원자료의 기준과 일치하지 않습니다.,새마을금고 감독기준 제18조 (채권의 대손상각),상각 = 추정손실,,D03,FOCUS,
QDB3-010,SOURCE_GROUNDED_ACTIVE_V015,SOURCE_GROUNDED_V015,건전성·경영실태평가,PRU-03,,절차형,3,대손상각금액이 대손충당금 잔액을 초과하는 경우 필요한 절차는?,중앙회장 사전허가,이사장 단독결재,감사에게 사후보고,총회의 승인,4,대손상각금액이 대손충당금 잔액을 초과하면 총회의 승인을 얻어야 합니다.,잔액 범위 내인지 초과인지에 따라 절차가 달라집니다.,“이사회 승인”으로 바꾸어 내는 선택지를 주의해야 합니다.,오답: 원자료의 기준과 일치하지 않습니다.,오답: 원자료의 기준과 일치하지 않습니다.,오답: 원자료의 기준과 일치하지 않습니다.,정답: 대손상각금액이 대손충당금 잔액을 초과하면 총회의 승인을 얻어야 합니다.,새마을금고 감독기준 시행세칙 제20조 (채권의 대손상각 절차),충당금 초과 = 총회 승인,,D03,FOCUS,
QDB3-011,SOURCE_GROUNDED_ACTIVE_V015,SOURCE_GROUNDED_V015,건전성·경영실태평가,PRU-03,,절차형,3,대손상각금액이 대손충당금 잔액 범위 내인 경우 기본적으로 따르는 기준은?,여신업무규정,선거관리규정,경영공시 규정,정관의 합병절차,1,잔액 범위 내 대손상각은 여신업무규정이 정하는 바에 따릅니다.,시행세칙은 충당금 잔액 범위 내와 초과를 구분해 절차를 달리 정합니다.,총회 승인 요건은 잔액 초과의 경우입니다.,정답: 잔액 범위 내 대손상각은 여신업무규정이 정하는 바에 따릅니다.,오답: 원자료의 기준과 일치하지 않습니다.,오답: 원자료의 기준과 일치하지 않습니다.,오답: 원자료의 기준과 일치하지 않습니다.,새마을금고 감독기준 시행세칙 제20조 (채권의 대손상각 절차),범위 내 = 여신업무규정,,D03,FOCUS,
QDB3-012,SOURCE_GROUNDED_ACTIVE_V015,SOURCE_GROUNDED_V015,건전성·경영실태평가,PRU-03,,주기형,3,상각채권의 관리 및 회수 실태를 이사회에 보고해야 하는 최소 주기로 옳은 것은?,연 1회,매 분기 1회 이상,반기 1회,매월 1회,2,상각채권 관리 및 회수 실태는 매 분기 1회 이상 이사회에 보고해야 합니다.,소멸시효중단 등 회수 사후관리와 정기 보고가 함께 요구됩니다.,분기와 반기 주기를 바꾸어 묻기 쉽습니다.,오답: 원자료의 기준과 일치하지 않습니다.,정답: 상각채권 관리 및 회수 실태는 매 분기 1회 이상 이사회에 보고해야 합니다.,오답: 원자료의 기준과 일치하지 않습니다.,오답: 원자료의 기준과 일치하지 않습니다.,새마을금고 감독기준 시행세칙 제21조 (상각채권 관리),상각채권 = 분기 1회+,,D03,FOCUS,
QDB3-013,SOURCE_GROUNDED_ACTIVE_V015,SOURCE_GROUNDED_V015,회계·재무·결산,ACC-03,,기간형,2,회계규정상 현금성자산에 포함되기 위한 취득 당시 만기일의 기준은?,만기 제한 없음,1년 이내,3개월 이내,6개월 이내,3,현금성자산은 취득 당시 만기일 또는 상환일이 3개월 이내인 금융상품이 기본입니다.,현금 전환이 용이하고 가치변동 위험이 중요하지 않아야 한다는 조건도 함께 봅니다.,단기금융상품이라는 이유만으로 1년 이내를 현금성자산으로 보아서는 안 됩니다.,오답: 원자료의 기준과 일치하지 않습니다.,오답: 원자료의 기준과 일치하지 않습니다.,정답: 현금성자산은 취득 당시 만기일 또는 상환일이 3개월 이내인 금융상품이 기본입니다.,오답: 원자료의 기준과 일치하지 않습니다.,회계규정 제13조 (현금의 범위 및 보유),현금성 = 취득시 3개월,,D05,FOCUS,
QDB3-014,SOURCE_GROUNDED_ACTIVE_V015,SOURCE_GROUNDED_V015,회계·재무·결산,ACC-03,,계정형,3,중앙회와 금고 간의 자금수수는 어떤 계정으로 처리하는가?,대손충당금 계정,타회계예치금 계정,미결제환 계정,금고환 계정,4,중앙회와 금고 간 자금수수는 금고환 계정으로 처리합니다.,회계 간 자금수수와 제휴은행과의 자금수수 계정을 구별해야 합니다.,미결제환은 전산망업무 제휴은행과의 자금수수에 사용됩니다.,오답: 원자료의 기준과 일치하지 않습니다.,오답: 원자료의 기준과 일치하지 않습니다.,오답: 원자료의 기준과 일치하지 않습니다.,정답: 중앙회와 금고 간 자금수수는 금고환 계정으로 처리합니다.,회계규정 제19조 (자금의 수수),중앙회↔금고 = 금고환,,D05,FOCUS,
QDB3-015,SOURCE_GROUNDED_ACTIVE_V015,SOURCE_GROUNDED_V015,회계·재무·결산,ACC-05,,처리형,3,회수불능채권을 대손충당금과 우선 상계한 뒤 대손충당금이 부족하면 부족액은 어떻게 처리하는가?,대손상각비로 처리,자본잉여금으로 대체,미수수익으로 이연,이익잉여금에서 직접 차감,1,대손충당금 부족액은 대손상각비로 처리합니다.,회수불능채권은 먼저 대손충당금과 상계하는 순서를 지킵니다.,처리 순서를 거꾸로 하거나 자본항목으로 직접 처리하는 선택지가 함정입니다.,정답: 대손충당금 부족액은 대손상각비로 처리합니다.,오답: 원자료의 기준과 일치하지 않습니다.,오답: 원자료의 기준과 일치하지 않습니다.,오답: 원자료의 기준과 일치하지 않습니다.,회계규정 제17조 (대손충당금),충당금 먼저 → 부족분 상각비,,D05,FOCUS,
QDB3-016,SOURCE_GROUNDED_ACTIVE_V015,SOURCE_GROUNDED_V015,회계·재무·결산,ACC-05,,회수형,3,과거 대손처리한 대출채권을 이후 회수한 경우 회계규정상 처리는?,대출채권을 다시 상각한다,대손충당금을 증가시킨다,영업외손실을 증가시킨다,자본금을 증가시킨다,2,대손처리한 대출채권을 회수하면 대손충당금을 증가시킵니다.,대손처리 후 회수는 기존 손실을 다시 반영하는 흐름으로 이해할 수 있습니다.,회수액을 단순히 신규 대출채권으로 보는 선택지를 주의해야 합니다.,오답: 원자료의 기준과 일치하지 않습니다.,정답: 대손처리한 대출채권을 회수하면 대손충당금을 증가시킵니다.,오답: 원자료의 기준과 일치하지 않습니다.,오답: 원자료의 기준과 일치하지 않습니다.,회계규정 제17조 (대손충당금),대손회수 = 충당금 증가,,D05,FOCUS,
QDB3-017,SOURCE_GROUNDED_ACTIVE_V015,SOURCE_GROUNDED_V015,회계·재무·결산,ACC-10,,인식형,3,예치금·대출채권·유가증권과 관련한 이자수익의 기본 인식원칙은?,총회 승인일에 일괄 인식,현금을 실제 수령한 날에만 인식,기간의 경과에 따라 인식,결산 다음 연도에 이연 인식,3,이자수익은 기간의 경과에 따라 인식하는 것이 원칙입니다.,다만 회수가능성의 정도에 따라 달리 인식할 수 있습니다.,현금주의와 기간귀속 원칙을 혼동하지 않아야 합니다.,오답: 원자료의 기준과 일치하지 않습니다.,오답: 원자료의 기준과 일치하지 않습니다.,정답: 이자수익은 기간의 경과에 따라 인식하는 것이 원칙입니다.,오답: 원자료의 기준과 일치하지 않습니다.,회계규정 제32조 (이자수익의 인식),이자수익 = 기간경과,,D05,FOCUS,
QDB3-018,SOURCE_GROUNDED_ACTIVE_V015,SOURCE_GROUNDED_V015,회계·재무·결산,ACC-10,,산식형,3,회계규정상 법인세비용 산출 시 당해 사업연도 법인세 및 부가세액 합계에 가감하는 항목은?,현금및예치금 변동,출자금 증감,대손상각채권 회수액,당기 이연법인세 변동,4,당기 이연법인세 변동을 가감하여 법인세비용을 산출합니다.,당기 부담세액과 회계상 법인세비용의 차이는 이연법인세자산·부채와 연결됩니다.,세금 납부액 자체와 회계상 법인세비용을 동일시하지 않아야 합니다.,오답: 원자료의 기준과 일치하지 않습니다.,오답: 원자료의 기준과 일치하지 않습니다.,오답: 원자료의 기준과 일치하지 않습니다.,정답: 당기 이연법인세 변동을 가감하여 법인세비용을 산출합니다.,회계규정 제35조 (법인세비용),법인세비용 = 당기세액 ± 이연변동,,D05,FOCUS,
QDB3-019,SOURCE_GROUNDED_ACTIVE_V015,SOURCE_GROUNDED_V015,회계·재무·결산,ACC-11,,기준일형,2,중앙회의 결산일은 원칙적으로 언제인가?,매 회계연도 말일,정기총회 개최일,6월 30일,매 분기 말일,1,결산일은 매 회계연도 말일입니다.,각 회계별로 결산하고 이를 총괄하여 결산보고서를 작성합니다.,총회 승인일과 결산기준일을 구분해야 합니다.,정답: 결산일은 매 회계연도 말일입니다.,오답: 원자료의 기준과 일치하지 않습니다.,오답: 원자료의 기준과 일치하지 않습니다.,오답: 원자료의 기준과 일치하지 않습니다.,회계규정 제41조 (결산의 원칙),결산일 = 회계연도 말일,,D05,FOCUS,
QDB3-020,SOURCE_GROUNDED_ACTIVE_V015,SOURCE_GROUNDED_V015,회계·재무·결산,ACC-11,,승인형,3,실적상품특별회계의 결산보고서는 누구의 승인으로 총회 승인을 갈음하는가?,신용공제대표이사,예금자보호준비금관리위원장,회장,감사위원장,1,실적상품특별회계 결산보고서는 신용공제대표이사의 승인으로 갈음합니다.,"일반 결산보고서와 예금자보호준비금 특별회계, 실적상품특별회계의 승인주체를 구별해야 합니다.",특별회계별 승인주체를 서로 바꾸는 문제가 나올 수 있습니다.,정답: 실적상품특별회계 결산보고서는 신용공제대표이사의 승인으로 갈음합니다.,오답: 원자료의 기준과 일치하지 않습니다.,오답: 원자료의 기준과 일치하지 않습니다.,오답: 원자료의 기준과 일치하지 않습니다.,회계규정 제45조 (결산보고서의 승인 등),실적상품 = 신용공제대표이사,,D05,FOCUS,
QDBR-001,RESERVE_SOURCE_GROUNDED_V015,HIGH_CONFIDENCE_VARIANT,,PRU-01,RESERVE,사례·적용형,4,채무상환능력이 충분한 채무자의 대출이 20일 연체되었다. 기본 분류로 가장 적절한 것은?,요주의,회수의문,정상,고정,3,1개월 미만 + 상환능력 충분 = 정상,근거 사실 F001를 사례형으로 변환한 예비문항입니다.,경계값과 적용조건을 함께 확인하세요.,,,,,새마을금고 감독기준 별표 2 자산건전성 분류기준,1개월 미만 + 상환능력 충분 = 정상,,,RESERVE,F001
QDBR-002,RESERVE_SOURCE_GROUNDED_V015,HIGH_CONFIDENCE_VARIANT,,PRU-01,RESERVE,사례·적용형,4,회수가 확실시되는 대출이 2개월 연체된 경우 기본 분류는?,고정,추정손실,정상,요주의,4,1개월 이상 3개월 미만 = 요주의,근거 사실 F002를 사례형으로 변환한 예비문항입니다.,경계값과 적용조건을 함께 확인하세요.,,,,,새마을금고 감독기준 별표 2 자산건전성 분류기준,1개월 이상 3개월 미만 = 요주의,,,RESERVE,F002
QDBR-003,RESERVE_SOURCE_GROUNDED_V015,HIGH_CONFIDENCE_VARIANT,,PRU-01,RESERVE,사례·적용형,4,3개월 이상 연체된 채무자의 총대출금 중 담보 회수예상가액에 해당하는 부분은?,고정,회수의문,요주의,추정손실,1,3개월+ 회수예상가액 안 = 고정,근거 사실 F003를 사례형으로 변환한 예비문항입니다.,경계값과 적용조건을 함께 확인하세요.,,,,,새마을금고 감독기준 별표 2 자산건전성 분류기준,3개월+ 회수예상가액 안 = 고정,,,RESERVE,F003
QDBR-004,RESERVE_SOURCE_GROUNDED_V015,HIGH_CONFIDENCE_VARIANT,,PRU-01,RESERVE,사례·적용형,4,8개월 연체대출의 회수예상가액 초과부분 기본 분류는?,고정,회수의문,요주의,추정손실,2,3~12개월 미만 초과부분 = 회수의문,근거 사실 F004를 사례형으로 변환한 예비문항입니다.,경계값과 적용조건을 함께 확인하세요.,,,,,새마을금고 감독기준 별표 2 자산건전성 분류기준,3~12개월 미만 초과부분 = 회수의문,,,RESERVE,F004
QDBR-005,RESERVE_SOURCE_GROUNDED_V015,HIGH_CONFIDENCE_VARIANT,,PRU-01,RESERVE,사례·적용형,4,14개월 연체대출의 회수예상가액 초과부분 기본 분류는?,요주의,고정,추정손실,회수의문,3,12개월+ 초과부분 = 추정손실,근거 사실 F005를 사례형으로 변환한 예비문항입니다.,경계값과 적용조건을 함께 확인하세요.,,,,,새마을금고 감독기준 별표 2 자산건전성 분류기준,12개월+ 초과부분 = 추정손실,,,RESERVE,F005
QDBR-006,RESERVE_SOURCE_GROUNDED_V015,HIGH_CONFIDENCE_VARIANT,,PRU-01,RESERVE,사례·적용형,4,유가증권 평가액이 장부가액을 4개월 연속 하회했다. 해당 평가 상당액의 분류로 적절한 것은?,고정,추정손실,정상,요주의,4,3개월+ 하회 = 요주의,근거 사실 F006를 사례형으로 변환한 예비문항입니다.,경계값과 적용조건을 함께 확인하세요.,,,,,새마을금고 감독기준 별표 2 자산건전성 분류기준,3개월+ 하회 = 요주의,,,RESERVE,F006
QDBR-007,RESERVE_SOURCE_GROUNDED_V015,HIGH_CONFIDENCE_VARIANT,,PRU-01,RESERVE,사례·적용형,4,유가증권 평가액이 장부가액을 7개월 연속 하회하여 평가손실이 발생했다. 평가손실액 분류는?,추정손실,요주의,고정,회수의문,1,6개월+ 평가손실 = 추정손실,근거 사실 F007를 사례형으로 변환한 예비문항입니다.,경계값과 적용조건을 함께 확인하세요.,,,,,새마을금고 감독기준 별표 2 자산건전성 분류기준,6개월+ 평가손실 = 추정손실,,,RESERVE,F007
QDBR-008,RESERVE_SOURCE_GROUNDED_V015,HIGH_CONFIDENCE_VARIANT,,PRU-01,RESERVE,사례·적용형,4,지급일부터 20일이 지난 미수채권의 기본 분류는?,고정,정상,요주의,회수의문,2,1개월 미경과 미수 = 정상,근거 사실 F008를 사례형으로 변환한 예비문항입니다.,경계값과 적용조건을 함께 확인하세요.,,,,,새마을금고 감독기준 별표 2 자산건전성 분류기준,1개월 미경과 미수 = 정상,,,RESERVE,F008
QDBR-009,RESERVE_SOURCE_GROUNDED_V015,HIGH_CONFIDENCE_VARIANT,,PRU-01,RESERVE,사례·적용형,4,지급일부터 2개월이 지난 미수채권의 기본 분류는?,정상,고정,요주의,추정손실,3,1~3개월 미수 = 요주의,근거 사실 F009를 사례형으로 변환한 예비문항입니다.,경계값과 적용조건을 함께 확인하세요.,,,,,새마을금고 감독기준 별표 2 자산건전성 분류기준,1~3개월 미수 = 요주의,,,RESERVE,F009
QDBR-010,RESERVE_SOURCE_GROUNDED_V015,HIGH_CONFIDENCE_VARIANT,,PRU-03,RESERVE,사례·적용형,4,정상 분류채권 3억원의 대손충당금 필요적립액 최소치는?,300만원,3천만원,6천만원,150만원,1,정상 1% 이상,근거 사실 F010를 사례형으로 변환한 예비문항입니다.,경계값과 적용조건을 함께 확인하세요.,,,,,새마을금고 감독기준 별표 8 경영건전성 비율 산정기준,정상 1% 이상,,,RESERVE,F010
QDBR-011,RESERVE_SOURCE_GROUNDED_V015,HIGH_CONFIDENCE_VARIANT,,PRU-03,RESERVE,사례·적용형,4,요주의 분류채권 2억원의 대손충당금 필요적립액 최소치는?,1억원,1천만원,4천만원,2천만원,4,요주의 10% 이상,근거 사실 F011를 사례형으로 변환한 예비문항입니다.,경계값과 적용조건을 함께 확인하세요.,,,,,새마을금고 감독기준 별표 8 경영건전성 비율 산정기준,요주의 10% 이상,,,RESERVE,F011
QDBR-012,RESERVE_SOURCE_GROUNDED_V015,HIGH_CONFIDENCE_VARIANT,,PRU-03,RESERVE,사례·적용형,4,고정 분류채권 5억원의 대손충당금 필요적립액 최소치는?,5천만원,2억7천5백만원,1억원,5억원,3,고정 20% 이상,근거 사실 F012를 사례형으로 변환한 예비문항입니다.,경계값과 적용조건을 함께 확인하세요.,,,,,새마을금고 감독기준 별표 8 경영건전성 비율 산정기준,고정 20% 이상,,,RESERVE,F012
QDBR-013,RESERVE_SOURCE_GROUNDED_V015,HIGH_CONFIDENCE_VARIANT,,PRU-03,RESERVE,사례·적용형,4,회수의문 분류채권 2억원의 대손충당금 필요적립액 최소치는?,2억원,1억1천만원,4천만원,2천만원,2,회수의문 55% 이상,근거 사실 F013를 사례형으로 변환한 예비문항입니다.,경계값과 적용조건을 함께 확인하세요.,,,,,새마을금고 감독기준 별표 8 경영건전성 비율 산정기준,회수의문 55% 이상,,,RESERVE,F013
QDBR-014,RESERVE_SOURCE_GROUNDED_V015,HIGH_CONFIDENCE_VARIANT,,PRU-03,RESERVE,사례·적용형,4,추정손실 분류채권 8천만원의 필요적립액은?,8천만원,800만원,1천6백만원,4천만원,1,추정손실 100%,근거 사실 F014를 사례형으로 변환한 예비문항입니다.,경계값과 적용조건을 함께 확인하세요.,,,,,새마을금고 감독기준 별표 8 경영건전성 비율 산정기준,추정손실 100%,,,RESERVE,F014
QDBR-015,RESERVE_SOURCE_GROUNDED_V015,HIGH_CONFIDENCE_VARIANT,,PRU-03,RESERVE,사례·적용형,4,미사용약정 1억원에 적용하는 신용환산 금액은?,2천만원,5천만원,3천만원,4천만원,4,미사용약정 40% 환산,근거 사실 F015를 사례형으로 변환한 예비문항입니다.,경계값과 적용조건을 함께 확인하세요.,,,,,새마을금고 감독기준 별표 8 경영건전성 비율 산정기준,미사용약정 40% 환산,,,RESERVE,F015
QDBR-016,RESERVE_SOURCE_GROUNDED_V015,HIGH_CONFIDENCE_VARIANT,,PRU-04,RESERVE,사례·적용형,4,"순자본 500억원, 총자산 1조원인 금고의 순자본비율은?",2%,4%,5%,10%,3,순자본/총자산×100,근거 사실 F016를 사례형으로 변환한 예비문항입니다.,경계값과 적용조건을 함께 확인하세요.,,,,,새마을금고 감독기준 별표 8 경영건전성 비율 산정기준,순자본/총자산×100,,,RESERVE,F016
QDBR-017,RESERVE_SOURCE_GROUNDED_V015,HIGH_CONFIDENCE_VARIANT,,PRU-04,RESERVE,사례·적용형,4,주택담보대출이 분할상환 요건을 충족하려면 만기는 최소 얼마 이상이어야 하는가?,1년,3년,5년,2년,2,분할상환 만기 3년+,근거 사실 F017를 사례형으로 변환한 예비문항입니다.,경계값과 적용조건을 함께 확인하세요.,,,,,새마을금고 감독기준 별표 8 경영건전성 비율 산정기준,분할상환 만기 3년+,,,RESERVE,F017
QDBR-018,RESERVE_SOURCE_GROUNDED_V015,HIGH_CONFIDENCE_VARIANT,,PRU-04,RESERVE,사례·적용형,4,체증식 주택담보대출의 연차별 원금상환액은 원리금균등 방식 연차별 원금상환액의 최소 얼마 이상이어야 하는가?,70%,80%,100%,50%,1,체증식 70%+,근거 사실 F018를 사례형으로 변환한 예비문항입니다.,경계값과 적용조건을 함께 확인하세요.,,,,,새마을금고 감독기준 별표 8 경영건전성 비율 산정기준,체증식 70%+,,,RESERVE,F018
QDBR-019,RESERVE_SOURCE_GROUNDED_V015,HIGH_CONFIDENCE_VARIANT,,PRU-04,RESERVE,사례·적용형,4,감독기준의 기본 위험가중치 체계로 옳은 것은?,10·20·40·80·100%,0·20·40·60·100%,0·10·30·50·100%,0·10·20·50·100%,4,0·10·20·50·100,근거 사실 F019를 사례형으로 변환한 예비문항입니다.,경계값과 적용조건을 함께 확인하세요.,,,,,새마을금고 감독기준 별첨 1 재무상태표 자산의 위험가중치,0·10·20·50·100,,,RESERVE,F019
QDBR-020,RESERVE_SOURCE_GROUNDED_V015,HIGH_CONFIDENCE_VARIANT,,PRU-04,RESERVE,사례·적용형,4,정상 또는 요주의로 분류된 전액담보 주거용주택 담보대출의 위험가중치는?,10%,20%,100%,50%,4,주택 전액담보 정상·요주의 = 50%,근거 사실 F020를 사례형으로 변환한 예비문항입니다.,경계값과 적용조건을 함께 확인하세요.,,,,,새마을금고 감독기준 별첨 1 재무상태표 자산의 위험가중치,주택 전액담보 정상·요주의 = 50%,,,RESERVE,F020
QDBR-021,RESERVE_SOURCE_GROUNDED_V015,HIGH_CONFIDENCE_VARIANT,,PRU-04,RESERVE,사례·적용형,4,기초자산이 불명확한 집합투자증권에 적용할 수 있는 최저 위험가중치는?,20%,10%,50%,0%,1,불명확 기초자산 최저 20%,근거 사실 F021를 사례형으로 변환한 예비문항입니다.,경계값과 적용조건을 함께 확인하세요.,,,,,새마을금고 감독기준 별첨 1 재무상태표 자산의 위험가중치,불명확 기초자산 최저 20%,,,RESERVE,F021
QDBR-022,RESERVE_SOURCE_GROUNDED_V015,HIGH_CONFIDENCE_VARIANT,,PRU-05,RESERVE,사례·적용형,4,경영실태평가 종합평점이 1.3인 경우 등급은?,2등급,1등급,3등급,4등급,2,1.0~1.4 = 1등급,근거 사실 F022를 사례형으로 변환한 예비문항입니다.,경계값과 적용조건을 함께 확인하세요.,,,,,새마을금고 감독기준 별표 4 경영실태평가 등급산정 방법,1.0~1.4 = 1등급,,,RESERVE,F022
QDBR-023,RESERVE_SOURCE_GROUNDED_V015,HIGH_CONFIDENCE_VARIANT,,PRU-05,RESERVE,사례·적용형,4,경영실태평가 종합평점이 2.0인 경우 등급은?,3등급,4등급,2등급,1등급,3,1.5~2.4 = 2등급,근거 사실 F023를 사례형으로 변환한 예비문항입니다.,경계값과 적용조건을 함께 확인하세요.,,,,,새마을금고 감독기준 별표 4 경영실태평가 등급산정 방법,1.5~2.4 = 2등급,,,RESERVE,F023
QDBR-024,RESERVE_SOURCE_GROUNDED_V015,HIGH_CONFIDENCE_VARIANT,,PRU-05,RESERVE,사례·적용형,4,경영실태평가 종합평점이 3.0인 경우 등급은?,2등급,5등급,4등급,3등급,4,2.5~3.4 = 3등급,근거 사실 F024를 사례형으로 변환한 예비문항입니다.,경계값과 적용조건을 함께 확인하세요.,,,,,새마을금고 감독기준 별표 4 경영실태평가 등급산정 방법,2.5~3.4 = 3등급,,,RESERVE,F024
QDBR-025,RESERVE_SOURCE_GROUNDED_V015,HIGH_CONFIDENCE_VARIANT,,PRU-05,RESERVE,사례·적용형,4,경영실태평가 종합평점이 4.0인 경우 등급은?,4등급,3등급,2등급,5등급,1,3.5~4.4 = 4등급,근거 사실 F025를 사례형으로 변환한 예비문항입니다.,경계값과 적용조건을 함께 확인하세요.,,,,,새마을금고 감독기준 별표 4 경영실태평가 등급산정 방법,3.5~4.4 = 4등급,,,RESERVE,F025
QDBR-026,RESERVE_SOURCE_GROUNDED_V015,HIGH_CONFIDENCE_VARIANT,,PRU-05,RESERVE,사례·적용형,4,경영실태평가 종합평점이 4.8인 경우 등급은?,2등급,5등급,4등급,3등급,2,4.5~5.0 = 5등급,근거 사실 F026를 사례형으로 변환한 예비문항입니다.,경계값과 적용조건을 함께 확인하세요.,,,,,새마을금고 감독기준 별표 4 경영실태평가 등급산정 방법,4.5~5.0 = 5등급,,,RESERVE,F026
QDBR-027,RESERVE_SOURCE_GROUNDED_V015,HIGH_CONFIDENCE_VARIANT,,PRU-02,RESERVE,사례·적용형,4,예·적금 담보의 회수예상가액 산정비율은?,90%,50%,100%,70%,3,예·적금 = 100%,근거 사실 F027를 사례형으로 변환한 예비문항입니다.,경계값과 적용조건을 함께 확인하세요.,,,,,새마을금고 감독기준 별표 6 담보종류별 회수예상가액 산정기준,예·적금 = 100%,,,RESERVE,F027
QDBR-028,RESERVE_SOURCE_GROUNDED_V015,HIGH_CONFIDENCE_VARIANT,,PRU-02,RESERVE,사례·적용형,4,시가 1억원인 아파트 담보의 회수예상가액 기준액은?,1억원,9천만원,5천만원,7천만원,4,아파트 = 시가 70%,근거 사실 F028를 사례형으로 변환한 예비문항입니다.,경계값과 적용조건을 함께 확인하세요.,,,,,새마을금고 감독기준 별표 6 담보종류별 회수예상가액 산정기준,아파트 = 시가 70%,,,RESERVE,F028
QDBR-029,RESERVE_SOURCE_GROUNDED_V015,HIGH_CONFIDENCE_VARIANT,,PRU-02,RESERVE,사례·적용형,4,대용가격은 없지만 시가가 있는 비상장주식의 평가비율은?,시가의 50%,시가의 90%,시가의 100%,시가의 70%,1,비상장주식 시가 50%,근거 사실 F029를 사례형으로 변환한 예비문항입니다.,경계값과 적용조건을 함께 확인하세요.,,,,,새마을금고 감독기준 별표 6 담보종류별 회수예상가액 산정기준,비상장주식 시가 50%,,,RESERVE,F029
QDBR-030,RESERVE_SOURCE_GROUNDED_V015,HIGH_CONFIDENCE_VARIANT,,PRU-02,RESERVE,사례·적용형,4,금융기관 보증부·담보부 비상장채권의 평가비율은 3년만기 회사채수익률 할인가액의 얼마인가?,50%,100%,90%,70%,3,보증부·담보부 비상장채권 90%,근거 사실 F030를 사례형으로 변환한 예비문항입니다.,경계값과 적용조건을 함께 확인하세요.,,,,,새마을금고 감독기준 별표 6 담보종류별 회수예상가액 산정기준,보증부·담보부 비상장채권 90%,,,RESERVE,F030
QDBR-031,RESERVE_SOURCE_GROUNDED_V015,HIGH_CONFIDENCE_VARIANT,,PRU-02,RESERVE,사례·적용형,4,기타 비상장채권의 평가비율은 3년만기 회사채수익률 할인가액의 얼마인가?,100%,70%,90%,50%,2,기타 비상장채권 70%,근거 사실 F031를 사례형으로 변환한 예비문항입니다.,경계값과 적용조건을 함께 확인하세요.,,,,,새마을금고 감독기준 별표 6 담보종류별 회수예상가액 산정기준,기타 비상장채권 70%,,,RESERVE,F031
QDBR-032,RESERVE_SOURCE_GROUNDED_V015,HIGH_CONFIDENCE_VARIANT,,SUP-02,RESERVE,사례·적용형,4,과태료 부과기준상 금고에 대한 기준금액은?,2천만원,1억원,1천만원,1백만원,1,금고 기준 2천만원,근거 사실 F032를 사례형으로 변환한 예비문항입니다.,경계값과 적용조건을 함께 확인하세요.,,,,,새마을금고 감독기준 별표 10 과태료 부과기준,금고 기준 2천만원,,,RESERVE,F032
QDBR-033,RESERVE_SOURCE_GROUNDED_V015,HIGH_CONFIDENCE_VARIANT,,SUP-02,RESERVE,사례·적용형,4,과태료 부과기준상 임직원에 대한 기준금액은?,5백만원,2백만원,1천만원,1백만원,4,임직원 기준 1백만원,근거 사실 F033를 사례형으로 변환한 예비문항입니다.,경계값과 적용조건을 함께 확인하세요.,,,,,새마을금고 감독기준 별표 10 과태료 부과기준,임직원 기준 1백만원,,,RESERVE,F033
QDBR-034,RESERVE_SOURCE_GROUNDED_V015,HIGH_CONFIDENCE_VARIANT,,SUP-02,RESERVE,사례·적용형,4,구속비율 10% 이상이고 고의인 경우 적용비율은 기준금액의 얼마인가?,25%,50%,100%,10%,3,10%+ 고의 = 100%,근거 사실 F034를 사례형으로 변환한 예비문항입니다.,경계값과 적용조건을 함께 확인하세요.,,,,,새마을금고 감독기준 별표 10 과태료 부과기준,10%+ 고의 = 100%,,,RESERVE,F034
QDBR-035,RESERVE_SOURCE_GROUNDED_V015,HIGH_CONFIDENCE_VARIANT,,SUP-02,RESERVE,사례·적용형,4,구속비율 7%이고 고의인 경우 적용비율은 기준금액의 얼마인가?,100%,50%,12.5%,25%,2,5~10% 고의 = 50%,근거 사실 F035를 사례형으로 변환한 예비문항입니다.,경계값과 적용조건을 함께 확인하세요.,,,,,새마을금고 감독기준 별표 10 과태료 부과기준,5~10% 고의 = 50%,,,RESERVE,F035
QDBR-036,RESERVE_SOURCE_GROUNDED_V015,HIGH_CONFIDENCE_VARIANT,,SUP-02,RESERVE,사례·적용형,4,구속비율 3%이고 과실인 경우 적용비율은 기준금액의 얼마인가?,12.5%,50%,25%,5%,1,2~5% 과실 = 12.5%,근거 사실 F036를 사례형으로 변환한 예비문항입니다.,경계값과 적용조건을 함께 확인하세요.,,,,,새마을금고 감독기준 별표 10 과태료 부과기준,2~5% 과실 = 12.5%,,,RESERVE,F036
QDBR-037,RESERVE_SOURCE_GROUNDED_V015,HIGH_CONFIDENCE_VARIANT,,SUP-02,RESERVE,사례·적용형,4,구속비율 1%이고 과실인 경우 적용비율은 기준금액의 얼마인가?,10%,12.5%,25%,5%,4,2% 미만 과실 = 5%,근거 사실 F037를 사례형으로 변환한 예비문항입니다.,경계값과 적용조건을 함께 확인하세요.,,,,,새마을금고 감독기준 별표 10 과태료 부과기준,2% 미만 과실 = 5%,,,RESERVE,F037
QDBR-038,RESERVE_SOURCE_GROUNDED_V015,HIGH_CONFIDENCE_VARIANT,,PRU-07,RESERVE,사례·적용형,4,프리워크아웃 채권이 변제계획대로 정상상환한 기간이 6개월 이상인 경우 가능한 분류조정은?,추정손실 유지,고정으로만 상향 가능,정상 분류변경 가능,회수의문으로만 변경,3,프리워크아웃 6개월 정상상환 → 정상 가능,근거 사실 F038를 사례형으로 변환한 예비문항입니다.,경계값과 적용조건을 함께 확인하세요.,,,,,새마을금고 감독기준 시행세칙 별표 9 채무조정 채권의 자산건전성 분류 조정 기준,프리워크아웃 6개월 정상상환 → 정상 가능,,,RESERVE,F038
QDBR-039,RESERVE_SOURCE_GROUNDED_V015,HIGH_CONFIDENCE_VARIANT,,PRU-07,RESERVE,사례·적용형,4,자체 채무조정 채권이 요주의 상태에서 1년간 변제계획대로 상환한 경우 가능한 조정은?,고정으로 하향,정상 분류 가능,추정손실 처리,회수의문 유지,2,자체조정 요주의 → 1년 상환 → 정상,근거 사실 F039를 사례형으로 변환한 예비문항입니다.,경계값과 적용조건을 함께 확인하세요.,,,,,새마을금고 감독기준 시행세칙 별표 9 채무조정 채권의 자산건전성 분류 조정 기준,자체조정 요주의 → 1년 상환 → 정상,,,RESERVE,F039
QDBR-040,RESERVE_SOURCE_GROUNDED_V015,HIGH_CONFIDENCE_VARIANT,,PRU-07,RESERVE,사례·적용형,4,고정이하 채무조정 채권을 “고정”으로 상향할 수 있는 상환기준으로 옳은 것은?,1년 이상만 상환,전체 상환기간의 1/4 이상 또는 2년 이상 상환,전체 상환기간의 1/2 이상만 가능,6개월 이상만 상환,2,고정 상향 = 1/4 또는 2년,근거 사실 F040를 사례형으로 변환한 예비문항입니다.,경계값과 적용조건을 함께 확인하세요.,,,,,새마을금고 감독기준 시행세칙 별표 9 채무조정 채권의 자산건전성 분류 조정 기준,고정 상향 = 1/4 또는 2년,,,RESERVE,F040
